-- phpMyAdmin SQL Dump
-- version 4.0.10.3
-- http://www.phpmyadmin.net
--
-- Host: localhost
-- Generation Time: Nov 22, 2014 at 01:26 AM
-- Server version: 5.1.73-log
-- PHP Version: 5.4.29

SET SQL_MODE = "NO_AUTO_VALUE_ON_ZERO";
SET time_zone = "+00:00";

--
-- Database: `www_opensmis_demo`
--

-- --------------------------------------------------------

--
-- Table structure for table `acos`
--

CREATE TABLE IF NOT EXISTS `acos` (
  `id` int(10) unsigned NOT NULL AUTO_INCREMENT,
  `parent_id` int(10) DEFAULT NULL,
  `model` varchar(255) DEFAULT '',
  `foreign_key` int(10) unsigned DEFAULT NULL,
  `alias` varchar(255) DEFAULT '',
  `lft` int(10) DEFAULT NULL,
  `rght` int(10) DEFAULT NULL,
  PRIMARY KEY (`id`)
) ENGINE=InnoDB  DEFAULT CHARSET=latin1;

-- --------------------------------------------------------

--
-- Table structure for table `aros`
--

CREATE TABLE IF NOT EXISTS `aros` (
  `id` int(10) unsigned NOT NULL AUTO_INCREMENT,
  `parent_id` int(10) DEFAULT NULL,
  `model` varchar(255) DEFAULT '',
  `foreign_key` int(10) unsigned DEFAULT NULL,
  `alias` varchar(255) DEFAULT '',
  `lft` int(10) DEFAULT NULL,
  `rght` int(10) DEFAULT NULL,
  PRIMARY KEY (`id`)
) ENGINE=InnoDB  DEFAULT CHARSET=latin1;

-- --------------------------------------------------------

--
-- Table structure for table `aros_acos`
--

CREATE TABLE IF NOT EXISTS `aros_acos` (
  `id` int(10) unsigned NOT NULL AUTO_INCREMENT,
  `aro_id` int(10) unsigned NOT NULL,
  `aco_id` int(10) unsigned NOT NULL,
  `_create` char(2) NOT NULL DEFAULT '0',
  `_read` char(2) NOT NULL DEFAULT '0',
  `_update` char(2) NOT NULL DEFAULT '0',
  `_delete` char(2) NOT NULL DEFAULT '0',
  `_execute` char(2) NOT NULL,
  PRIMARY KEY (`id`)
) ENGINE=InnoDB  DEFAULT CHARSET=latin1;

-- --------------------------------------------------------

--
-- Table structure for table `assessment_items`
--

CREATE TABLE IF NOT EXISTS `assessment_items` (
  `id` int(11) NOT NULL AUTO_INCREMENT,
  `min` int(5) NOT NULL DEFAULT '50',
  `max` int(5) NOT NULL DEFAULT '100',
  `weighting` float(5,2) NOT NULL DEFAULT '0.00',
  `visible` int(1) NOT NULL,
  `assessment_item_type_id` int(11) NOT NULL,
  `education_grade_subject_id` int(5) NOT NULL,
  `modified_user_id` int(11) DEFAULT NULL,
  `modified` datetime DEFAULT NULL,
  `created_user_id` int(11) NOT NULL,
  `created` datetime NOT NULL,
  PRIMARY KEY (`id`),
  KEY `assessment_item_type_id` (`assessment_item_type_id`),
  KEY `education_grade_subject_id` (`education_grade_subject_id`)
) ENGINE=InnoDB  DEFAULT CHARSET=utf8;

-- --------------------------------------------------------

--
-- Table structure for table `assessment_item_results`
--

CREATE TABLE IF NOT EXISTS `assessment_item_results` (
  `id` int(11) NOT NULL AUTO_INCREMENT,
  `marks` varchar(50) DEFAULT NULL,
  `assessment_item_id` int(11) NOT NULL,
  `assessment_result_id` int(11) DEFAULT NULL,
  `assessment_result_type_id` int(3) NOT NULL DEFAULT '0',
  `student_id` int(11) NOT NULL,
  `school_year_id` int(5) NOT NULL,
  `modified_user_id` int(11) DEFAULT NULL,
  `modified` datetime DEFAULT NULL,
  `created_user_id` int(11) NOT NULL,
  `created` datetime NOT NULL,
  PRIMARY KEY (`id`),
  KEY `assessment_item_id` (`assessment_item_id`),
  KEY `assessment_result_id` (`assessment_result_id`),
  KEY `assessment_result_type_id` (`assessment_result_type_id`),
  KEY `student_id` (`student_id`),
  KEY `school_year_id` (`school_year_id`)
) ENGINE=InnoDB  DEFAULT CHARSET=utf8;

-- --------------------------------------------------------

--
-- Table structure for table `assessment_item_types`
--

CREATE TABLE IF NOT EXISTS `assessment_item_types` (
  `id` int(11) NOT NULL AUTO_INCREMENT,
  `code` varchar(50) NOT NULL,
  `name` varchar(100) NOT NULL,
  `description` text,
  `order` int(3) NOT NULL,
  `visible` int(1) NOT NULL DEFAULT '1',
  `school_year_id` int(3) DEFAULT NULL,
  `education_grade_id` int(5) NOT NULL,
  `class_id` int(5) NOT NULL DEFAULT '0',
  `modified_user_id` int(11) DEFAULT NULL,
  `modified` datetime DEFAULT NULL,
  `created_user_id` int(11) NOT NULL,
  `created` datetime NOT NULL,
  PRIMARY KEY (`id`),
  KEY `education_grade_id` (`education_grade_id`),
  KEY `school_year_id` (`school_year_id`),
  KEY `class_id` (`class_id`)
) ENGINE=InnoDB  DEFAULT CHARSET=utf8;

-- --------------------------------------------------------

--
-- Table structure for table `assessment_results`
--

CREATE TABLE IF NOT EXISTS `assessment_results` (
  `id` int(11) NOT NULL AUTO_INCREMENT,
  `marks` varchar(50) NOT NULL,
  `assessment_result_type_id` int(3) NOT NULL,
  `student_id` int(11) NOT NULL,
  `school_year_id` int(5) NOT NULL,
  `modified_user_id` int(11) DEFAULT NULL,
  `modified` datetime DEFAULT NULL,
  `created_user_id` int(11) NOT NULL,
  `created` datetime NOT NULL,
  PRIMARY KEY (`id`),
  KEY `assessment_result_type_id` (`assessment_result_type_id`),
  KEY `student_id` (`student_id`),
  KEY `school_year_id` (`school_year_id`)
) ENGINE=InnoDB  DEFAULT CHARSET=utf8;

-- --------------------------------------------------------

--
-- Table structure for table `assessment_result_types`
--

CREATE TABLE IF NOT EXISTS `assessment_result_types` (
  `id` int(3) NOT NULL AUTO_INCREMENT,
  `name` varchar(50) NOT NULL,
  `min` int(5) NOT NULL DEFAULT '50',
  `max` int(5) NOT NULL DEFAULT '100',
  `order` int(3) NOT NULL,
  `visible` int(1) NOT NULL DEFAULT '1',
  `modified_user_id` int(11) DEFAULT NULL,
  `modified` datetime DEFAULT NULL,
  `created_user_id` int(11) NOT NULL,
  `created` datetime NOT NULL,
  PRIMARY KEY (`id`)
) ENGINE=InnoDB  DEFAULT CHARSET=utf8;

-- --------------------------------------------------------

--
-- Table structure for table `behaviour_categories`
--

CREATE TABLE IF NOT EXISTS `behaviour_categories` (
  `id` int(3) NOT NULL AUTO_INCREMENT,
  `name` varchar(100) NOT NULL,
  `order` int(3) NOT NULL,
  `visible` int(1) NOT NULL DEFAULT '1',
  `modified_user_id` int(11) DEFAULT NULL,
  `modified` datetime DEFAULT NULL,
  `created_user_id` int(11) NOT NULL,
  `created` datetime NOT NULL,
  PRIMARY KEY (`id`)
) ENGINE=InnoDB  DEFAULT CHARSET=utf8;

-- --------------------------------------------------------

--
-- Table structure for table `classes`
--

CREATE TABLE IF NOT EXISTS `classes` (
  `id` int(11) NOT NULL AUTO_INCREMENT,
  `name` varchar(100) NOT NULL,
  `seats_total` int(5) NOT NULL DEFAULT '0',
  `school_year_id` int(11) NOT NULL,
  `modified_user_id` int(11) DEFAULT NULL,
  `modified` datetime DEFAULT NULL,
  `created_user_id` int(11) NOT NULL,
  `created` datetime NOT NULL,
  PRIMARY KEY (`id`),
  KEY `school_year_id` (`school_year_id`)
) ENGINE=InnoDB  DEFAULT CHARSET=utf8;

-- --------------------------------------------------------

--
-- Table structure for table `class_attachments`
--

CREATE TABLE IF NOT EXISTS `class_attachments` (
  `id` int(11) NOT NULL AUTO_INCREMENT,
  `name` varchar(250) NOT NULL,
  `description` varchar(250) NOT NULL,
  `file_name` varchar(250) NOT NULL,
  `file_content` longblob NOT NULL,
  `class_id` int(11) NOT NULL,
  `modified_user_id` int(11) DEFAULT NULL,
  `modified` datetime DEFAULT NULL,
  `created_user_id` int(11) NOT NULL,
  `created` datetime NOT NULL,
  PRIMARY KEY (`id`),
  KEY `class_id` (`class_id`)
) ENGINE=InnoDB  DEFAULT CHARSET=utf8;

-- --------------------------------------------------------

--
-- Table structure for table `class_events`
--

CREATE TABLE IF NOT EXISTS `class_events` (
  `id` int(11) NOT NULL AUTO_INCREMENT,
  `class_id` int(11) NOT NULL,
  `event_id` int(11) NOT NULL,
  `created_user_id` int(11) NOT NULL,
  `created` datetime NOT NULL,
  PRIMARY KEY (`id`),
  KEY `class_id` (`class_id`),
  KEY `event_id` (`event_id`)
) ENGINE=InnoDB DEFAULT CHARSET=utf8;

-- --------------------------------------------------------

--
-- Table structure for table `class_grades`
--

CREATE TABLE IF NOT EXISTS `class_grades` (
  `id` int(11) NOT NULL AUTO_INCREMENT,
  `class_id` int(11) NOT NULL,
  `education_grade_id` int(5) NOT NULL,
  `visible` int(1) NOT NULL,
  `modified_user_id` int(11) DEFAULT NULL,
  `modified` datetime DEFAULT NULL,
  `created_user_id` int(11) NOT NULL,
  `created` datetime NOT NULL,
  PRIMARY KEY (`id`),
  KEY `class_id` (`class_id`),
  KEY `education_grade_id` (`education_grade_id`)
) ENGINE=InnoDB  DEFAULT CHARSET=utf8;

-- --------------------------------------------------------

--
-- Table structure for table `class_lessons`
--

CREATE TABLE IF NOT EXISTS `class_lessons` (
  `id` int(11) NOT NULL AUTO_INCREMENT,
  `start_time` datetime NOT NULL,
  `end_time` datetime NOT NULL,
  `class_id` int(11) NOT NULL,
  `room_id` int(5) NOT NULL,
  `education_grade_subject_id` int(5) NOT NULL,
  `staff_id` int(11) NOT NULL,
  `timetable_entry_id` int(11) NOT NULL,
  `lesson_status_id` int(3) NOT NULL,
  `modified_user_id` int(11) DEFAULT NULL,
  `modified` datetime DEFAULT NULL,
  `created_user_id` int(11) NOT NULL,
  `created` datetime NOT NULL,
  PRIMARY KEY (`id`),
  KEY `class_id` (`class_id`),
  KEY `room_id` (`room_id`),
  KEY `education_grade_subject_id` (`education_grade_subject_id`),
  KEY `staff_id` (`staff_id`),
  KEY `timetable_entry_id` (`timetable_entry_id`),
  KEY `lesson_status_id` (`lesson_status_id`)
) ENGINE=InnoDB  DEFAULT CHARSET=utf8;

-- --------------------------------------------------------

--
-- Table structure for table `class_students`
--

CREATE TABLE IF NOT EXISTS `class_students` (
  `id` int(11) NOT NULL AUTO_INCREMENT,
  `class_id` int(11) NOT NULL,
  `education_grade_id` int(5) NOT NULL,
  `student_id` int(11) NOT NULL,
  `student_category_id` int(3) NOT NULL,
  `modified_user_id` int(11) DEFAULT NULL,
  `modified` datetime DEFAULT NULL,
  `created_user_id` int(11) NOT NULL,
  `created` datetime NOT NULL,
  PRIMARY KEY (`id`),
  KEY `class_id` (`class_id`),
  KEY `education_grade_id` (`education_grade_id`),
  KEY `student_id` (`student_id`),
  KEY `student_category_id` (`student_category_id`)
) ENGINE=InnoDB  DEFAULT CHARSET=utf8;

-- --------------------------------------------------------

--
-- Table structure for table `class_subjects`
--

CREATE TABLE IF NOT EXISTS `class_subjects` (
  `id` int(11) NOT NULL AUTO_INCREMENT,
  `class_id` int(11) NOT NULL,
  `education_grade_subject_id` int(5) NOT NULL,
  `visible` int(1) NOT NULL,
  `modified_user_id` int(11) DEFAULT NULL,
  `modified` datetime DEFAULT NULL,
  `created_user_id` int(11) NOT NULL,
  `created` datetime NOT NULL,
  PRIMARY KEY (`id`),
  KEY `class_id` (`class_id`),
  KEY `education_grade_subject_id` (`education_grade_subject_id`)
) ENGINE=InnoDB  DEFAULT CHARSET=utf8;

-- --------------------------------------------------------

--
-- Table structure for table `class_teachers`
--

CREATE TABLE IF NOT EXISTS `class_teachers` (
  `id` int(11) NOT NULL AUTO_INCREMENT,
  `class_id` int(11) NOT NULL,
  `staff_id` int(11) NOT NULL,
  `modified_user_id` int(11) DEFAULT NULL,
  `modified` datetime DEFAULT NULL,
  `created_user_id` int(11) NOT NULL,
  `created` datetime NOT NULL,
  PRIMARY KEY (`id`),
  KEY `class_id` (`class_id`),
  KEY `staff_id` (`staff_id`)
) ENGINE=InnoDB  DEFAULT CHARSET=utf8;

-- --------------------------------------------------------

--
-- Table structure for table `config_items`
--

CREATE TABLE IF NOT EXISTS `config_items` (
  `id` int(11) NOT NULL AUTO_INCREMENT,
  `name` varchar(100) NOT NULL,
  `type` varchar(50) NOT NULL,
  `value_type` varchar(20) DEFAULT NULL,
  `label` varchar(100) NOT NULL,
  `description` text,
  `value` varchar(500) NOT NULL,
  `default_value` varchar(500) DEFAULT NULL,
  `editable` int(1) NOT NULL DEFAULT '0',
  `order` int(3) NOT NULL,
  `visible` int(1) NOT NULL DEFAULT '1',
  `modified_user_id` int(11) DEFAULT NULL,
  `modified` datetime DEFAULT NULL,
  `created_user_id` int(11) NOT NULL,
  `created` datetime NOT NULL,
  PRIMARY KEY (`id`)
) ENGINE=InnoDB  DEFAULT CHARSET=utf8;

-- --------------------------------------------------------

--
-- Table structure for table `config_item_options`
--

CREATE TABLE IF NOT EXISTS `config_item_options` (
  `id` int(11) NOT NULL AUTO_INCREMENT,
  `name` varchar(100) NOT NULL,
  `value` varchar(100) NOT NULL,
  `order` int(3) NOT NULL DEFAULT '0',
  `visible` int(1) NOT NULL DEFAULT '1',
  `config_item_id` int(5) NOT NULL,
  `created` datetime NOT NULL,
  PRIMARY KEY (`id`),
  KEY `config_item_id` (`config_item_id`)
) ENGINE=InnoDB  DEFAULT CHARSET=utf8;

-- --------------------------------------------------------

--
-- Table structure for table `contacts`
--

CREATE TABLE IF NOT EXISTS `contacts` (
  `id` int(11) NOT NULL AUTO_INCREMENT,
  `name` varchar(50) NOT NULL,
  `contact_no` varchar(50) NOT NULL,
  `main` int(1) NOT NULL DEFAULT '0',
  `contact_type_id` int(3) NOT NULL,
  `security_user_id` int(11) NOT NULL,
  `modified_user_id` int(11) DEFAULT NULL,
  `modified` datetime DEFAULT NULL,
  `created_user_id` int(11) NOT NULL,
  `created` datetime NOT NULL,
  PRIMARY KEY (`id`),
  KEY `contact_type_id` (`contact_type_id`),
  KEY `security_user_id` (`security_user_id`)
) ENGINE=InnoDB  DEFAULT CHARSET=utf8;

-- --------------------------------------------------------

--
-- Table structure for table `contact_types`
--

CREATE TABLE IF NOT EXISTS `contact_types` (
  `id` int(3) NOT NULL AUTO_INCREMENT,
  `name` varchar(50) NOT NULL,
  `order` int(3) NOT NULL,
  `visible` int(1) NOT NULL DEFAULT '1',
  `modified_user_id` int(11) DEFAULT NULL,
  `modified` datetime DEFAULT NULL,
  `created_user_id` int(11) NOT NULL,
  `created` datetime NOT NULL,
  PRIMARY KEY (`id`)
) ENGINE=InnoDB  DEFAULT CHARSET=utf8;

-- --------------------------------------------------------

--
-- Table structure for table `countries`
--

CREATE TABLE IF NOT EXISTS `countries` (
  `id` int(11) NOT NULL AUTO_INCREMENT,
  `name` varchar(50) NOT NULL,
  `international_code` varchar(10) DEFAULT NULL,
  `national_code` varchar(10) DEFAULT NULL,
  `order` int(3) NOT NULL,
  `visible` int(1) NOT NULL DEFAULT '1',
  `editable` int(1) NOT NULL DEFAULT '1',
  `default` int(1) NOT NULL DEFAULT '0',
  `modified_user_id` int(11) DEFAULT NULL,
  `modified` datetime DEFAULT NULL,
  `created_user_id` int(11) NOT NULL,
  `created` datetime NOT NULL,
  PRIMARY KEY (`id`)
) ENGINE=InnoDB  DEFAULT CHARSET=utf8;

-- --------------------------------------------------------

--
-- Table structure for table `education_fees`
--

CREATE TABLE IF NOT EXISTS `education_fees` (
  `id` int(11) NOT NULL AUTO_INCREMENT,
  `description` varchar(150) NOT NULL,
  `amount` float(11,2) NOT NULL,
  `fee_type_id` int(11) NOT NULL,
  `education_grade_id` int(11) NOT NULL,
  `school_year_id` int(11) NOT NULL,
  `source` int(1) DEFAULT '0' COMMENT '0-dataentry,1-external,2-estimate',
  `modified_user_id` int(11) DEFAULT NULL,
  `modified` datetime DEFAULT NULL,
  `created_user_id` int(11) NOT NULL,
  `created` datetime NOT NULL,
  PRIMARY KEY (`id`),
  KEY `fee_type_id` (`fee_type_id`),
  KEY `education_grade_id` (`education_grade_id`),
  KEY `school_year_id` (`school_year_id`),
  KEY `source` (`source`)
) ENGINE=InnoDB  DEFAULT CHARSET=utf8;

-- --------------------------------------------------------

--
-- Table structure for table `education_grades`
--

CREATE TABLE IF NOT EXISTS `education_grades` (
  `id` int(5) NOT NULL AUTO_INCREMENT,
  `code` varchar(50) NOT NULL,
  `name` varchar(150) NOT NULL,
  `order` int(3) NOT NULL,
  `visible` int(1) NOT NULL DEFAULT '1',
  `education_programme_id` int(5) NOT NULL,
  `modified_user_id` int(11) DEFAULT NULL,
  `modified` datetime DEFAULT NULL,
  `created_user_id` int(11) NOT NULL,
  `created` datetime NOT NULL,
  PRIMARY KEY (`id`),
  KEY `education_programme_id` (`education_programme_id`)
) ENGINE=InnoDB  DEFAULT CHARSET=utf8;

-- --------------------------------------------------------

--
-- Table structure for table `education_grades_subjects`
--

CREATE TABLE IF NOT EXISTS `education_grades_subjects` (
  `id` int(5) NOT NULL AUTO_INCREMENT,
  `education_grade_id` int(5) NOT NULL,
  `education_subject_id` int(5) NOT NULL,
  `modified_user_id` int(11) DEFAULT NULL,
  `modified` datetime DEFAULT NULL,
  `created_user_id` int(11) NOT NULL,
  `created` datetime NOT NULL,
  PRIMARY KEY (`id`),
  KEY `education_grade_id` (`education_grade_id`),
  KEY `education_subject_id` (`education_subject_id`)
) ENGINE=InnoDB  DEFAULT CHARSET=utf8;

-- --------------------------------------------------------

--
-- Table structure for table `education_programmes`
--

CREATE TABLE IF NOT EXISTS `education_programmes` (
  `id` int(5) NOT NULL AUTO_INCREMENT,
  `code` varchar(50) NOT NULL,
  `name` varchar(150) NOT NULL,
  `duration` int(3) DEFAULT NULL,
  `order` int(3) NOT NULL,
  `visible` int(1) NOT NULL DEFAULT '1',
  `modified_user_id` int(11) DEFAULT NULL,
  `modified` datetime DEFAULT NULL,
  `created_user_id` int(11) NOT NULL,
  `created` datetime NOT NULL,
  PRIMARY KEY (`id`)
) ENGINE=InnoDB  DEFAULT CHARSET=utf8;

-- --------------------------------------------------------

--
-- Table structure for table `education_subjects`
--

CREATE TABLE IF NOT EXISTS `education_subjects` (
  `id` int(5) NOT NULL AUTO_INCREMENT,
  `code` varchar(20) NOT NULL,
  `name` varchar(150) NOT NULL,
  `order` int(3) NOT NULL,
  `visible` int(1) NOT NULL DEFAULT '1',
  `modified_user_id` int(11) DEFAULT NULL,
  `modified` datetime DEFAULT NULL,
  `created_user_id` int(11) NOT NULL,
  `created` datetime NOT NULL,
  PRIMARY KEY (`id`)
) ENGINE=InnoDB  DEFAULT CHARSET=utf8;

-- --------------------------------------------------------

--
-- Table structure for table `emails`
--

CREATE TABLE IF NOT EXISTS `emails` (
  `id` int(11) NOT NULL AUTO_INCREMENT,
  `email` varchar(80) NOT NULL,
  `main` int(1) NOT NULL DEFAULT '0',
  `contact_type_id` int(3) NOT NULL,
  `security_user_id` int(11) NOT NULL,
  `modified_user_id` int(11) DEFAULT NULL,
  `modified` datetime DEFAULT NULL,
  `created_user_id` int(11) NOT NULL,
  `created` datetime NOT NULL,
  PRIMARY KEY (`id`),
  KEY `contact_type_id` (`contact_type_id`),
  KEY `security_user_id` (`security_user_id`)
) ENGINE=InnoDB DEFAULT CHARSET=utf8;

-- --------------------------------------------------------

--
-- Table structure for table `events`
--

CREATE TABLE IF NOT EXISTS `events` (
  `id` int(5) NOT NULL AUTO_INCREMENT,
  `name` varchar(50) NOT NULL,
  `description` text,
  `type` int(1) NOT NULL COMMENT '0 -> School, 1 -> Class',
  `start_date` date NOT NULL,
  `start_time` time NOT NULL,
  `end_date` date NOT NULL,
  `end_time` time NOT NULL,
  `modified_user_id` int(11) DEFAULT NULL,
  `modified` datetime DEFAULT NULL,
  `created_user_id` int(11) NOT NULL,
  `created` datetime NOT NULL,
  PRIMARY KEY (`id`)
) ENGINE=InnoDB  DEFAULT CHARSET=utf8;

-- --------------------------------------------------------

--
-- Table structure for table `fee_types`
--

CREATE TABLE IF NOT EXISTS `fee_types` (
  `id` int(3) NOT NULL AUTO_INCREMENT,
  `name` varchar(100) NOT NULL,
  `order` int(3) NOT NULL,
  `visible` int(1) NOT NULL DEFAULT '1',
  `modified_user_id` int(11) DEFAULT NULL,
  `modified` datetime DEFAULT NULL,
  `created_user_id` int(11) NOT NULL,
  `created` datetime NOT NULL,
  PRIMARY KEY (`id`)
) ENGINE=InnoDB  DEFAULT CHARSET=utf8;

-- --------------------------------------------------------

--
-- Table structure for table `field_options`
--

CREATE TABLE IF NOT EXISTS `field_options` (
  `id` int(5) NOT NULL AUTO_INCREMENT,
  `code` varchar(50) NOT NULL,
  `name` varchar(50) NOT NULL,
  `parent` varchar(50) DEFAULT NULL,
  `params` text,
  `order` int(3) NOT NULL,
  `visible` int(1) NOT NULL DEFAULT '1',
  `modified_user_id` int(11) DEFAULT NULL,
  `modified` datetime DEFAULT NULL,
  `created_user_id` int(11) NOT NULL,
  `created` datetime NOT NULL,
  PRIMARY KEY (`id`)
) ENGINE=InnoDB  DEFAULT CHARSET=utf8;

-- --------------------------------------------------------

--
-- Table structure for table `field_option_values`
--

CREATE TABLE IF NOT EXISTS `field_option_values` (
  `id` int(11) NOT NULL AUTO_INCREMENT,
  `name` varchar(50) NOT NULL,
  `international_code` varchar(10) DEFAULT NULL,
  `national_code` varchar(10) DEFAULT NULL,
  `order` int(3) NOT NULL,
  `visible` int(1) NOT NULL DEFAULT '1',
  `editable` int(1) NOT NULL DEFAULT '1',
  `default` int(1) NOT NULL DEFAULT '0',
  `field_option_id` int(5) NOT NULL,
  `modified_user_id` int(11) DEFAULT NULL,
  `modified` datetime DEFAULT NULL,
  `created_user_id` int(11) NOT NULL,
  `created` datetime NOT NULL,
  PRIMARY KEY (`id`),
  KEY `field_option_id` (`field_option_id`)
) ENGINE=InnoDB  DEFAULT CHARSET=utf8;

-- --------------------------------------------------------

--
-- Table structure for table `guardian_custom_fields`
--

CREATE TABLE IF NOT EXISTS `guardian_custom_fields` (
  `id` int(11) NOT NULL AUTO_INCREMENT,
  `name` varchar(250) NOT NULL,
  `order` int(3) NOT NULL,
  `type` int(1) NOT NULL DEFAULT '1' COMMENT '1 -> Text, 2 -> Text Area, 3 -> Number, 4 -> Dropdown',
  `is_mandatory` tinyint(4) NOT NULL,
  `is_unique` tinyint(4) NOT NULL,
  `visible` int(1) NOT NULL DEFAULT '1',
  `modified_user_id` int(11) DEFAULT NULL,
  `modified` datetime DEFAULT NULL,
  `created_user_id` int(11) NOT NULL,
  `created` datetime NOT NULL,
  PRIMARY KEY (`id`)
) ENGINE=InnoDB DEFAULT CHARSET=utf8;

-- --------------------------------------------------------

--
-- Table structure for table `guardian_custom_field_options`
--

CREATE TABLE IF NOT EXISTS `guardian_custom_field_options` (
  `id` int(11) NOT NULL AUTO_INCREMENT,
  `value` varchar(250) NOT NULL,
  `order` int(3) NOT NULL,
  `visible` int(1) NOT NULL DEFAULT '1',
  `guardian_custom_field_id` int(5) NOT NULL,
  `modified_user_id` int(11) DEFAULT NULL,
  `modified` datetime DEFAULT NULL,
  `created_user_id` int(11) NOT NULL,
  `created` datetime NOT NULL,
  PRIMARY KEY (`id`),
  KEY `guardian_custom_field_id` (`guardian_custom_field_id`)
) ENGINE=InnoDB DEFAULT CHARSET=utf8;

-- --------------------------------------------------------

--
-- Table structure for table `guardian_custom_values`
--

CREATE TABLE IF NOT EXISTS `guardian_custom_values` (
  `id` int(11) NOT NULL AUTO_INCREMENT,
  `text_value` varchar(250) DEFAULT NULL,
  `int_value` int(5) DEFAULT NULL,
  `textarea_value` text,
  `guardian_custom_field_id` int(11) NOT NULL,
  `guardian_id` int(11) NOT NULL,
  `modified_user_id` int(11) DEFAULT NULL,
  `modified` datetime DEFAULT NULL,
  `created_user_id` int(11) NOT NULL,
  `created` datetime NOT NULL,
  PRIMARY KEY (`id`),
  KEY `value` (`guardian_custom_field_id`,`guardian_id`)
) ENGINE=InnoDB DEFAULT CHARSET=utf8;

-- --------------------------------------------------------

--
-- Table structure for table `guardian_identities`
--

CREATE TABLE IF NOT EXISTS `guardian_identities` (
  `id` int(11) NOT NULL AUTO_INCREMENT,
  `identity_type_id` int(11) NOT NULL,
  `number` varchar(50) NOT NULL,
  `issue_date` date NOT NULL,
  `expiry_date` date NOT NULL,
  `country_id` int(11) NOT NULL,
  `comments` text,
  `guardian_id` int(11) NOT NULL,
  `modified_user_id` int(11) DEFAULT NULL,
  `modified` datetime DEFAULT NULL,
  `created_user_id` int(11) NOT NULL,
  `created` datetime NOT NULL,
  PRIMARY KEY (`id`),
  KEY `guardian_id` (`guardian_id`),
  KEY `identity_type_id` (`identity_type_id`)
) ENGINE=InnoDB DEFAULT CHARSET=utf8;

-- --------------------------------------------------------

--
-- Table structure for table `identity_types`
--

CREATE TABLE IF NOT EXISTS `identity_types` (
  `id` int(11) NOT NULL AUTO_INCREMENT,
  `name` varchar(100) NOT NULL,
  `order` int(3) NOT NULL,
  `visible` int(1) NOT NULL DEFAULT '1',
  `international_code` varchar(10) DEFAULT NULL,
  `national_code` varchar(10) DEFAULT NULL,
  `modified_user_id` int(11) DEFAULT NULL,
  `modified` datetime DEFAULT NULL,
  `created_user_id` int(11) NOT NULL,
  `created` datetime NOT NULL,
  PRIMARY KEY (`id`)
) ENGINE=InnoDB  DEFAULT CHARSET=utf8;

-- --------------------------------------------------------

--
-- Table structure for table `institution_sites`
--

CREATE TABLE IF NOT EXISTS `institution_sites` (
  `id` int(11) NOT NULL AUTO_INCREMENT,
  `name` varchar(150) NOT NULL,
  `code` varchar(50) NOT NULL,
  `address` text NOT NULL,
  `postal_code` varchar(20) NOT NULL,
  `country_id` int(11) NOT NULL,
  `photo_name` varchar(200) DEFAULT NULL,
  `photo_content` longblob,
  `contact_person` varchar(100) DEFAULT NULL,
  `telephone` varchar(30) DEFAULT NULL,
  `fax` varchar(30) DEFAULT NULL,
  `email` varchar(100) DEFAULT NULL,
  `website` varchar(100) DEFAULT NULL,
  `date_opened` date NOT NULL,
  `date_closed` date DEFAULT NULL,
  `longitude` varchar(15) DEFAULT NULL,
  `latitude` varchar(15) DEFAULT NULL,
  `areaid` varchar(3) DEFAULT NULL,
  `modified_user_id` int(11) DEFAULT NULL,
  `modified` datetime DEFAULT NULL,
  `created_user_id` int(11) NOT NULL,
  `created` datetime NOT NULL,
  PRIMARY KEY (`id`)
) ENGINE=InnoDB  DEFAULT CHARSET=utf8;

-- --------------------------------------------------------

--
-- Table structure for table `lesson_statuses`
--

CREATE TABLE IF NOT EXISTS `lesson_statuses` (
  `id` int(3) NOT NULL AUTO_INCREMENT,
  `name` varchar(50) NOT NULL,
  `order` int(3) NOT NULL,
  `visible` int(1) NOT NULL DEFAULT '1',
  `modified_user_id` int(11) DEFAULT NULL,
  `modified` datetime DEFAULT NULL,
  `created_user_id` int(11) NOT NULL,
  `created` datetime NOT NULL,
  PRIMARY KEY (`id`)
) ENGINE=InnoDB  DEFAULT CHARSET=utf8;

-- --------------------------------------------------------

--
-- Table structure for table `relationship_categories`
--

CREATE TABLE IF NOT EXISTS `relationship_categories` (
  `id` int(3) NOT NULL AUTO_INCREMENT,
  `name` varchar(50) NOT NULL,
  `order` int(3) NOT NULL,
  `visible` int(1) NOT NULL DEFAULT '1',
  `modified_user_id` int(11) DEFAULT NULL,
  `modified` datetime DEFAULT NULL,
  `created_user_id` int(11) NOT NULL,
  `created` datetime NOT NULL,
  PRIMARY KEY (`id`)
) ENGINE=InnoDB  DEFAULT CHARSET=utf8;

-- --------------------------------------------------------

--
-- Table structure for table `rooms`
--

CREATE TABLE IF NOT EXISTS `rooms` (
  `id` int(5) NOT NULL AUTO_INCREMENT,
  `name` varchar(50) NOT NULL,
  `location` varchar(100) DEFAULT NULL,
  `order` int(3) NOT NULL,
  `visible` int(1) NOT NULL DEFAULT '1',
  `modified_user_id` int(11) DEFAULT NULL,
  `modified` datetime DEFAULT NULL,
  `created_user_id` int(11) NOT NULL,
  `created` datetime NOT NULL,
  PRIMARY KEY (`id`)
) ENGINE=InnoDB  DEFAULT CHARSET=utf8;

-- --------------------------------------------------------

--
-- Table structure for table `school_years`
--

CREATE TABLE IF NOT EXISTS `school_years` (
  `id` int(11) NOT NULL AUTO_INCREMENT,
  `name` varchar(50) NOT NULL,
  `start_date` date NOT NULL,
  `start_year` int(4) NOT NULL,
  `end_date` date DEFAULT NULL,
  `end_year` int(4) DEFAULT NULL,
  `school_days` int(5) NOT NULL DEFAULT '0',
  `order` int(3) NOT NULL DEFAULT '0',
  `visible` int(1) NOT NULL DEFAULT '1',
  `modified_user_id` int(11) DEFAULT NULL,
  `modified` datetime DEFAULT NULL,
  `created_user_id` int(11) NOT NULL,
  `created` datetime NOT NULL,
  PRIMARY KEY (`id`)
) ENGINE=InnoDB  DEFAULT CHARSET=utf8;

-- --------------------------------------------------------

--
-- Table structure for table `security_users`
--

CREATE TABLE IF NOT EXISTS `security_users` (
  `id` int(11) NOT NULL AUTO_INCREMENT,
  `openemisid` varchar(50) DEFAULT NULL,
  `username` varchar(50) DEFAULT NULL,
  `password` varchar(50) DEFAULT NULL,
  `identification_no` varchar(100) NOT NULL,
  `first_name` varchar(100) NOT NULL,
  `middle_name` varchar(100) NOT NULL,
  `last_name` varchar(100) NOT NULL,
  `date_of_birth` date DEFAULT NULL,
  `country_id` int(11) NOT NULL,
  `gender` char(1) NOT NULL,
  `address` text,
  `postal_code` varchar(20) DEFAULT NULL,
  `photo_name` varchar(200) DEFAULT NULL,
  `photo_content` longblob,
  `super_admin` int(1) NOT NULL DEFAULT '0',
  `status` int(1) NOT NULL DEFAULT '1' COMMENT '0 -> Inactive, 1 -> Active',
  `last_login` datetime DEFAULT NULL,
  `modified_user_id` int(11) DEFAULT NULL,
  `modified` datetime DEFAULT NULL,
  `created_user_id` int(11) NOT NULL,
  `created` datetime NOT NULL,
  PRIMARY KEY (`id`)
) ENGINE=InnoDB  DEFAULT CHARSET=utf8;

-- --------------------------------------------------------

--
-- Table structure for table `security_user_types`
--

CREATE TABLE IF NOT EXISTS `security_user_types` (
  `id` int(11) NOT NULL AUTO_INCREMENT,
  `security_user_id` int(11) NOT NULL,
  `type` int(2) NOT NULL COMMENT '(1->Admin), (2->Staff), (3->Student), (4->Guardian)',
  PRIMARY KEY (`id`),
  KEY `security_user_id` (`security_user_id`)
) ENGINE=InnoDB  DEFAULT CHARSET=utf8;

-- --------------------------------------------------------

--
-- Table structure for table `staff`
--

CREATE TABLE IF NOT EXISTS `staff` (
  `id` int(11) NOT NULL AUTO_INCREMENT,
  `start_date` date NOT NULL,
  `start_year` int(4) NOT NULL,
  `type` int(1) NOT NULL COMMENT '0 -> Non-teaching, 1 -> Teaching',
  `staff_status_id` int(3) NOT NULL,
  `staff_category_id` int(3) NOT NULL,
  `security_user_id` int(11) NOT NULL,
  `modified_user_id` int(11) DEFAULT NULL,
  `modified` datetime DEFAULT NULL,
  `created_user_id` int(11) NOT NULL,
  `created` datetime NOT NULL,
  PRIMARY KEY (`id`),
  KEY `staff_status_id` (`staff_status_id`),
  KEY `staff_category_id` (`staff_category_id`),
  KEY `security_user_id` (`security_user_id`)
) ENGINE=InnoDB  DEFAULT CHARSET=utf8;

-- --------------------------------------------------------

--
-- Table structure for table `staff_attachments`
--

CREATE TABLE IF NOT EXISTS `staff_attachments` (
  `id` int(11) NOT NULL AUTO_INCREMENT,
  `name` varchar(250) NOT NULL,
  `description` varchar(250) NOT NULL,
  `file_name` varchar(250) NOT NULL,
  `file_content` longblob NOT NULL,
  `staff_id` int(11) NOT NULL,
  `modified_user_id` int(11) DEFAULT NULL,
  `modified` datetime DEFAULT NULL,
  `created_user_id` int(11) NOT NULL,
  `created` datetime NOT NULL,
  PRIMARY KEY (`id`),
  KEY `staff_id` (`staff_id`)
) ENGINE=InnoDB  DEFAULT CHARSET=utf8;

-- --------------------------------------------------------

--
-- Table structure for table `staff_attendance_days`
--

CREATE TABLE IF NOT EXISTS `staff_attendance_days` (
  `id` int(11) NOT NULL AUTO_INCREMENT,
  `remarks` varchar(255) DEFAULT NULL,
  `attendance_date` date NOT NULL,
  `staff_attendance_type_id` int(3) NOT NULL,
  `staff_id` int(11) NOT NULL,
  `modified_user_id` int(11) DEFAULT NULL,
  `modified` datetime DEFAULT NULL,
  `created_user_id` int(11) NOT NULL,
  `created` datetime NOT NULL,
  PRIMARY KEY (`id`),
  KEY `staff_attendance_type_id` (`staff_attendance_type_id`),
  KEY `staff_id` (`staff_id`)
) ENGINE=InnoDB  DEFAULT CHARSET=utf8;

-- --------------------------------------------------------

--
-- Table structure for table `staff_attendance_types`
--

CREATE TABLE IF NOT EXISTS `staff_attendance_types` (
  `id` int(3) NOT NULL AUTO_INCREMENT,
  `name` varchar(100) NOT NULL,
  `short_form` varchar(30) NOT NULL,
  `order` int(3) NOT NULL,
  `visible` int(1) NOT NULL DEFAULT '1',
  `modified_user_id` int(11) DEFAULT NULL,
  `modified` datetime DEFAULT NULL,
  `created_user_id` int(11) NOT NULL,
  `created` datetime NOT NULL,
  PRIMARY KEY (`id`)
) ENGINE=InnoDB  DEFAULT CHARSET=utf8;

-- --------------------------------------------------------

--
-- Table structure for table `staff_behaviours`
--

CREATE TABLE IF NOT EXISTS `staff_behaviours` (
  `id` int(11) NOT NULL AUTO_INCREMENT,
  `title` varchar(50) NOT NULL,
  `description` text NOT NULL,
  `action` text NOT NULL,
  `date_of_behaviour` date NOT NULL,
  `time_of_behaviour` time DEFAULT NULL,
  `staff_id` int(11) NOT NULL,
  `behaviour_category_id` int(3) NOT NULL,
  `modified_user_id` int(11) DEFAULT NULL,
  `modified` datetime DEFAULT NULL,
  `created_user_id` int(11) NOT NULL,
  `created` datetime NOT NULL,
  PRIMARY KEY (`id`),
  KEY `staff_id` (`staff_id`),
  KEY `behaviour_category_id` (`behaviour_category_id`)
) ENGINE=InnoDB  DEFAULT CHARSET=utf8;

-- --------------------------------------------------------

--
-- Table structure for table `staff_categories`
--

CREATE TABLE IF NOT EXISTS `staff_categories` (
  `id` int(3) NOT NULL AUTO_INCREMENT,
  `name` varchar(50) NOT NULL,
  `order` int(3) NOT NULL,
  `visible` int(1) NOT NULL DEFAULT '1',
  `modified_user_id` int(11) DEFAULT NULL,
  `modified` datetime DEFAULT NULL,
  `created_user_id` int(11) NOT NULL,
  `created` datetime NOT NULL,
  PRIMARY KEY (`id`)
) ENGINE=InnoDB  DEFAULT CHARSET=utf8;

-- --------------------------------------------------------

--
-- Table structure for table `staff_custom_fields`
--

CREATE TABLE IF NOT EXISTS `staff_custom_fields` (
  `id` int(11) NOT NULL AUTO_INCREMENT,
  `name` varchar(250) NOT NULL,
  `order` int(3) NOT NULL,
  `type` int(1) NOT NULL DEFAULT '1' COMMENT '1 -> Text, 2 -> Text Area, 3 -> Number, 4 -> Dropdown',
  `is_mandatory` tinyint(4) NOT NULL,
  `is_unique` tinyint(4) NOT NULL,
  `visible` int(1) NOT NULL DEFAULT '1',
  `modified_user_id` int(11) DEFAULT NULL,
  `modified` datetime DEFAULT NULL,
  `created_user_id` int(11) NOT NULL,
  `created` datetime NOT NULL,
  PRIMARY KEY (`id`)
) ENGINE=InnoDB DEFAULT CHARSET=utf8;

-- --------------------------------------------------------

--
-- Table structure for table `staff_custom_field_options`
--

CREATE TABLE IF NOT EXISTS `staff_custom_field_options` (
  `id` int(11) NOT NULL AUTO_INCREMENT,
  `value` varchar(250) NOT NULL,
  `order` int(3) NOT NULL,
  `visible` int(1) NOT NULL DEFAULT '1',
  `staff_custom_field_id` int(5) NOT NULL,
  `modified_user_id` int(11) DEFAULT NULL,
  `modified` datetime DEFAULT NULL,
  `created_user_id` int(11) NOT NULL,
  `created` datetime NOT NULL,
  PRIMARY KEY (`id`),
  KEY `staff_custom_field_id` (`staff_custom_field_id`)
) ENGINE=InnoDB DEFAULT CHARSET=utf8;

-- --------------------------------------------------------

--
-- Table structure for table `staff_custom_values`
--

CREATE TABLE IF NOT EXISTS `staff_custom_values` (
  `id` int(11) NOT NULL AUTO_INCREMENT,
  `text_value` varchar(250) DEFAULT NULL,
  `int_value` int(5) DEFAULT NULL,
  `textarea_value` text,
  `staff_custom_field_id` int(11) NOT NULL,
  `staff_id` int(11) NOT NULL,
  `modified_user_id` int(11) DEFAULT NULL,
  `modified` datetime DEFAULT NULL,
  `created_user_id` int(11) NOT NULL,
  `created` datetime NOT NULL,
  PRIMARY KEY (`id`),
  KEY `value` (`staff_custom_field_id`,`staff_id`)
) ENGINE=InnoDB DEFAULT CHARSET=utf8;

-- --------------------------------------------------------

--
-- Table structure for table `staff_employments`
--

CREATE TABLE IF NOT EXISTS `staff_employments` (
  `id` int(11) NOT NULL AUTO_INCREMENT,
  `employment_date` date NOT NULL,
  `comment` text,
  `staff_id` int(11) NOT NULL,
  `staff_employment_type_id` int(3) NOT NULL,
  `modified_user_id` int(11) DEFAULT NULL,
  `modified` datetime DEFAULT NULL,
  `created_user_id` int(11) NOT NULL,
  `created` datetime NOT NULL,
  PRIMARY KEY (`id`),
  KEY `staff_id` (`staff_id`),
  KEY `staff_employment_type_id` (`staff_employment_type_id`)
) ENGINE=InnoDB  DEFAULT CHARSET=utf8;

-- --------------------------------------------------------

--
-- Table structure for table `staff_employment_types`
--

CREATE TABLE IF NOT EXISTS `staff_employment_types` (
  `id` int(3) NOT NULL AUTO_INCREMENT,
  `name` varchar(100) NOT NULL,
  `order` int(3) NOT NULL,
  `visible` int(1) NOT NULL DEFAULT '1',
  `international_code` varchar(10) DEFAULT NULL,
  `national_code` varchar(10) DEFAULT NULL,
  `modified_user_id` int(11) DEFAULT NULL,
  `modified` datetime DEFAULT NULL,
  `created_user_id` int(11) NOT NULL,
  `created` datetime NOT NULL,
  PRIMARY KEY (`id`)
) ENGINE=InnoDB  DEFAULT CHARSET=utf8;

-- --------------------------------------------------------

--
-- Table structure for table `staff_identities`
--

CREATE TABLE IF NOT EXISTS `staff_identities` (
  `id` int(11) NOT NULL AUTO_INCREMENT,
  `identity_type_id` int(11) NOT NULL,
  `number` varchar(50) NOT NULL,
  `issue_date` date NOT NULL,
  `expiry_date` date NOT NULL,
  `country_id` int(11) NOT NULL,
  `comments` text,
  `staff_id` int(11) NOT NULL,
  `modified_user_id` int(11) DEFAULT NULL,
  `modified` datetime DEFAULT NULL,
  `created_user_id` int(11) NOT NULL,
  `created` datetime NOT NULL,
  PRIMARY KEY (`id`),
  KEY `staff_id` (`staff_id`),
  KEY `identity_type_id` (`identity_type_id`)
) ENGINE=InnoDB DEFAULT CHARSET=utf8;

-- --------------------------------------------------------

--
-- Table structure for table `staff_statuses`
--

CREATE TABLE IF NOT EXISTS `staff_statuses` (
  `id` int(3) NOT NULL AUTO_INCREMENT,
  `name` varchar(50) NOT NULL,
  `order` int(3) NOT NULL,
  `visible` int(1) NOT NULL DEFAULT '1',
  `modified_user_id` int(11) DEFAULT NULL,
  `modified` datetime DEFAULT NULL,
  `created_user_id` int(11) NOT NULL,
  `created` datetime NOT NULL,
  PRIMARY KEY (`id`)
) ENGINE=InnoDB  DEFAULT CHARSET=utf8;

-- --------------------------------------------------------

--
-- Table structure for table `students`
--

CREATE TABLE IF NOT EXISTS `students` (
  `id` int(11) NOT NULL AUTO_INCREMENT,
  `start_date` date NOT NULL,
  `start_year` int(4) NOT NULL,
  `student_status_id` int(3) NOT NULL,
  `security_user_id` int(11) NOT NULL,
  `modified_user_id` int(11) DEFAULT NULL,
  `modified` datetime DEFAULT NULL,
  `created_user_id` int(11) NOT NULL,
  `created` datetime NOT NULL,
  PRIMARY KEY (`id`),
  KEY `student_status_id` (`student_status_id`),
  KEY `security_user_id` (`security_user_id`),
  KEY `start_year` (`start_year`)
) ENGINE=InnoDB  DEFAULT CHARSET=utf8;

-- --------------------------------------------------------

--
-- Table structure for table `student_attachments`
--

CREATE TABLE IF NOT EXISTS `student_attachments` (
  `id` int(11) NOT NULL AUTO_INCREMENT,
  `name` varchar(250) NOT NULL,
  `description` varchar(250) NOT NULL,
  `file_name` varchar(250) NOT NULL,
  `file_content` longblob NOT NULL,
  `student_id` int(11) NOT NULL,
  `modified_user_id` int(11) DEFAULT NULL,
  `modified` datetime DEFAULT NULL,
  `created_user_id` int(11) NOT NULL,
  `created` datetime NOT NULL,
  PRIMARY KEY (`id`),
  KEY `student_id` (`student_id`)
) ENGINE=InnoDB  DEFAULT CHARSET=utf8;

-- --------------------------------------------------------

--
-- Table structure for table `student_attendance_days`
--

CREATE TABLE IF NOT EXISTS `student_attendance_days` (
  `id` int(11) NOT NULL AUTO_INCREMENT,
  `remarks` varchar(255) DEFAULT NULL,
  `attendance_date` date NOT NULL,
  `session` int(2) NOT NULL DEFAULT '1',
  `student_attendance_type_id` int(3) NOT NULL,
  `student_id` int(11) NOT NULL,
  `modified_user_id` int(11) DEFAULT NULL,
  `modified` datetime DEFAULT NULL,
  `created_user_id` int(11) NOT NULL,
  `created` datetime NOT NULL,
  PRIMARY KEY (`id`),
  KEY `student_attendance_type_id` (`student_attendance_type_id`),
  KEY `student_id` (`student_id`)
) ENGINE=InnoDB  DEFAULT CHARSET=utf8;

-- --------------------------------------------------------

--
-- Table structure for table `student_attendance_lessons`
--

CREATE TABLE IF NOT EXISTS `student_attendance_lessons` (
  `id` int(11) NOT NULL AUTO_INCREMENT,
  `remarks` varchar(255) DEFAULT NULL,
  `student_attendance_type_id` int(3) NOT NULL,
  `class_lesson_id` int(11) NOT NULL,
  `student_id` int(11) NOT NULL,
  `modified_user_id` int(11) DEFAULT NULL,
  `modified` datetime DEFAULT NULL,
  `created_user_id` int(11) NOT NULL,
  `created` datetime NOT NULL,
  PRIMARY KEY (`id`),
  KEY `student_attendance_type_id` (`student_attendance_type_id`),
  KEY `class_lesson_id` (`class_lesson_id`),
  KEY `student_id` (`student_id`)
) ENGINE=InnoDB  DEFAULT CHARSET=utf8;

-- --------------------------------------------------------

--
-- Table structure for table `student_attendance_types`
--

CREATE TABLE IF NOT EXISTS `student_attendance_types` (
  `id` int(3) NOT NULL AUTO_INCREMENT,
  `name` varchar(100) NOT NULL,
  `short_form` varchar(30) NOT NULL,
  `order` int(3) NOT NULL,
  `visible` int(1) NOT NULL DEFAULT '1',
  `modified_user_id` int(11) DEFAULT NULL,
  `modified` datetime DEFAULT NULL,
  `created_user_id` int(11) NOT NULL,
  `created` datetime NOT NULL,
  PRIMARY KEY (`id`)
) ENGINE=InnoDB  DEFAULT CHARSET=utf8;

-- --------------------------------------------------------

--
-- Table structure for table `student_behaviours`
--

CREATE TABLE IF NOT EXISTS `student_behaviours` (
  `id` int(11) NOT NULL AUTO_INCREMENT,
  `title` varchar(50) NOT NULL,
  `description` text NOT NULL,
  `action` text NOT NULL,
  `date_of_behaviour` date NOT NULL,
  `time_of_behaviour` time DEFAULT NULL,
  `student_id` int(11) NOT NULL,
  `behaviour_category_id` int(3) NOT NULL,
  `modified_user_id` int(11) DEFAULT NULL,
  `modified` datetime DEFAULT NULL,
  `created_user_id` int(11) NOT NULL,
  `created` datetime NOT NULL,
  PRIMARY KEY (`id`),
  KEY `student_id` (`student_id`),
  KEY `behaviour_category_id` (`behaviour_category_id`)
) ENGINE=InnoDB  DEFAULT CHARSET=utf8;

-- --------------------------------------------------------

--
-- Table structure for table `student_categories`
--

CREATE TABLE IF NOT EXISTS `student_categories` (
  `id` int(3) NOT NULL AUTO_INCREMENT,
  `name` varchar(50) NOT NULL,
  `order` int(3) NOT NULL,
  `visible` int(1) NOT NULL DEFAULT '1',
  `modified_user_id` int(11) DEFAULT NULL,
  `modified` datetime DEFAULT NULL,
  `created_user_id` int(11) NOT NULL,
  `created` datetime NOT NULL,
  PRIMARY KEY (`id`)
) ENGINE=InnoDB  DEFAULT CHARSET=utf8;

-- --------------------------------------------------------

--
-- Table structure for table `student_custom_fields`
--

CREATE TABLE IF NOT EXISTS `student_custom_fields` (
  `id` int(11) NOT NULL AUTO_INCREMENT,
  `name` varchar(250) NOT NULL,
  `order` int(3) NOT NULL,
  `type` int(1) NOT NULL DEFAULT '1' COMMENT '1 -> Text, 2 -> Text Area, 3 -> Number, 4 -> Dropdown',
  `is_mandatory` tinyint(4) NOT NULL,
  `is_unique` tinyint(4) NOT NULL,
  `visible` int(1) NOT NULL DEFAULT '1',
  `modified_user_id` int(11) DEFAULT NULL,
  `modified` datetime DEFAULT NULL,
  `created_user_id` int(11) NOT NULL,
  `created` datetime NOT NULL,
  PRIMARY KEY (`id`)
) ENGINE=InnoDB DEFAULT CHARSET=utf8;

-- --------------------------------------------------------

--
-- Table structure for table `student_custom_field_options`
--

CREATE TABLE IF NOT EXISTS `student_custom_field_options` (
  `id` int(11) NOT NULL AUTO_INCREMENT,
  `value` varchar(250) NOT NULL,
  `order` int(3) NOT NULL,
  `visible` int(1) NOT NULL DEFAULT '1',
  `student_custom_field_id` int(5) NOT NULL,
  `modified_user_id` int(11) DEFAULT NULL,
  `modified` datetime DEFAULT NULL,
  `created_user_id` int(11) NOT NULL,
  `created` datetime NOT NULL,
  PRIMARY KEY (`id`),
  KEY `student_custom_field_id` (`student_custom_field_id`)
) ENGINE=InnoDB DEFAULT CHARSET=utf8;

-- --------------------------------------------------------

--
-- Table structure for table `student_custom_values`
--

CREATE TABLE IF NOT EXISTS `student_custom_values` (
  `id` int(11) NOT NULL AUTO_INCREMENT,
  `text_value` varchar(250) DEFAULT NULL,
  `int_value` int(5) DEFAULT NULL,
  `textarea_value` text,
  `student_custom_field_id` int(11) NOT NULL,
  `student_id` int(11) NOT NULL,
  `modified_user_id` int(11) DEFAULT NULL,
  `modified` datetime DEFAULT NULL,
  `created_user_id` int(11) NOT NULL,
  `created` datetime NOT NULL,
  PRIMARY KEY (`id`),
  KEY `value` (`student_custom_field_id`,`student_id`)
) ENGINE=InnoDB DEFAULT CHARSET=utf8;

-- --------------------------------------------------------

--
-- Table structure for table `student_fees`
--

CREATE TABLE IF NOT EXISTS `student_fees` (
  `id` int(11) NOT NULL AUTO_INCREMENT,
  `comment` varchar(100) NOT NULL,
  `paid` int(11) NOT NULL,
  `student_id` int(11) NOT NULL,
  `school_year_id` int(11) NOT NULL,
  `education_grade_id` int(11) NOT NULL,
  `modified_user_id` int(11) DEFAULT NULL,
  `modified` datetime DEFAULT NULL,
  `created_user_id` int(11) NOT NULL,
  `created` datetime NOT NULL,
  PRIMARY KEY (`id`),
  KEY `student_id` (`student_id`),
  KEY `school_year_id` (`school_year_id`),
  KEY `education_grade_id` (`education_grade_id`)
) ENGINE=InnoDB  DEFAULT CHARSET=utf8;

-- --------------------------------------------------------

--
-- Table structure for table `student_guardians`
--

CREATE TABLE IF NOT EXISTS `student_guardians` (
  `id` int(11) NOT NULL AUTO_INCREMENT,
  `student_id` int(11) NOT NULL,
  `security_user_id` int(11) NOT NULL COMMENT 'Linked to the guardian record in security_users table',
  `relationship_category_id` int(3) NOT NULL,
  `modified_user_id` int(11) DEFAULT NULL,
  `modified` datetime DEFAULT NULL,
  `created_user_id` int(11) NOT NULL,
  `created` datetime NOT NULL,
  PRIMARY KEY (`id`),
  KEY `student_id` (`student_id`),
  KEY `security_user_id` (`security_user_id`),
  KEY `relationship_category_id` (`relationship_category_id`)
) ENGINE=InnoDB  DEFAULT CHARSET=utf8;

-- --------------------------------------------------------

--
-- Table structure for table `student_identities`
--

CREATE TABLE IF NOT EXISTS `student_identities` (
  `id` int(11) NOT NULL AUTO_INCREMENT,
  `identity_type_id` int(11) NOT NULL,
  `number` varchar(50) NOT NULL,
  `issue_date` date NOT NULL,
  `expiry_date` date NOT NULL,
  `country_id` int(11) NOT NULL,
  `comments` text,
  `student_id` int(11) NOT NULL,
  `modified_user_id` int(11) DEFAULT NULL,
  `modified` datetime DEFAULT NULL,
  `created_user_id` int(11) NOT NULL,
  `created` datetime NOT NULL,
  PRIMARY KEY (`id`),
  KEY `student_id` (`student_id`),
  KEY `identity_type_id` (`identity_type_id`)
) ENGINE=InnoDB DEFAULT CHARSET=utf8;

-- --------------------------------------------------------

--
-- Table structure for table `student_statuses`
--

CREATE TABLE IF NOT EXISTS `student_statuses` (
  `id` int(3) NOT NULL AUTO_INCREMENT,
  `name` varchar(50) NOT NULL,
  `order` int(3) NOT NULL,
  `visible` int(1) NOT NULL DEFAULT '1',
  `modified_user_id` int(11) DEFAULT NULL,
  `modified` datetime DEFAULT NULL,
  `created_user_id` int(11) NOT NULL,
  `created` datetime NOT NULL,
  PRIMARY KEY (`id`)
) ENGINE=InnoDB  DEFAULT CHARSET=utf8;

-- --------------------------------------------------------

--
-- Table structure for table `timetables`
--

CREATE TABLE IF NOT EXISTS `timetables` (
  `id` int(11) NOT NULL AUTO_INCREMENT,
  `name` varchar(255) NOT NULL,
  `start_date` date NOT NULL,
  `end_date` date DEFAULT NULL,
  `class_id` int(11) NOT NULL,
  `modified_user_id` int(11) DEFAULT NULL,
  `modified` datetime DEFAULT NULL,
  `created_user_id` int(11) NOT NULL,
  `created` datetime NOT NULL,
  PRIMARY KEY (`id`),
  KEY `class_id` (`class_id`)
) ENGINE=InnoDB  DEFAULT CHARSET=utf8;

-- --------------------------------------------------------

--
-- Table structure for table `timetable_entries`
--

CREATE TABLE IF NOT EXISTS `timetable_entries` (
  `id` int(11) NOT NULL AUTO_INCREMENT,
  `start_time` time NOT NULL,
  `end_time` time NOT NULL,
  `day_of_week` int(1) NOT NULL,
  `class_id` int(11) NOT NULL,
  `room_id` int(5) NOT NULL,
  `education_grade_subject_id` int(5) NOT NULL,
  `staff_id` int(11) NOT NULL,
  `timetable_id` int(11) NOT NULL,
  `modified_user_id` int(11) DEFAULT NULL,
  `modified` datetime DEFAULT NULL,
  `created_user_id` int(11) NOT NULL,
  `created` datetime NOT NULL,
  PRIMARY KEY (`id`),
  KEY `room_id` (`room_id`),
  KEY `class_id` (`class_id`),
  KEY `education_grade_subject_id` (`education_grade_subject_id`),
  KEY `staff_id` (`staff_id`),
  KEY `timetable_id` (`timetable_id`)
) ENGINE=InnoDB  DEFAULT CHARSET=utf8;

-- --------------------------------------------------------

--
-- Table structure for table `translations`
--

CREATE TABLE IF NOT EXISTS `translations` (
  `id` int(11) NOT NULL AUTO_INCREMENT,
  `code` varchar(255) DEFAULT NULL,
  `eng` text NOT NULL,
  `ara` text,
  `chi` text,
  `spa` text,
  `fre` text,
  `rus` text,
  `modified_user_id` int(11) DEFAULT NULL,
  `modified` datetime DEFAULT NULL,
  `created_user_id` int(11) NOT NULL,
  `created` datetime NOT NULL,
  UNIQUE KEY `id` (`id`)
) ENGINE=InnoDB  DEFAULT CHARSET=utf8;


TRUNCATE `acos`;
INSERT INTO `acos` (`id`, `parent_id`, `model`, `foreign_key`, `alias`, `lft`, `rght`) VALUES 
(1, NULL, NULL, NULL, 'All', 1, 124), 
(2, 1, NULL, NULL, 'Events', 2, 3), 
(3, 1, NULL, NULL, 'Students', 4, 31),  
(4, 1, NULL, NULL, 'Staff', 32, 53),  
(5, 1, NULL, NULL, 'Guardians', 54, 65),  
(6, 1, NULL, NULL, 'Admin', 66, 93),  
(7, 1, NULL, NULL, 'Classes', 94, 117), 
(8, 1, NULL, NULL, 'Administrator', 118, 121),  
(9, 1, NULL, NULL, 'Dashboard', 122, 123),  
(10, 3, NULL, NULL, 'StudentProfile', 5, 6),  
(11, 3, NULL, NULL, 'StudentContact', 7, 8),  
(12, 3, NULL, NULL, 'StudentGuardian', 9, 10),  
(13, 3, NULL, NULL, 'StudentBehaviour', 11, 12),  
(14, 3, NULL, NULL, 'StudentTimetable', 13, 14),  
(15, 3, NULL, NULL, 'StudentResult', 15, 16), 
(16, 3, NULL, NULL, 'StudentAttachment', 17, 18), 
(17, 3, NULL, NULL, 'StudentAttendanceDay', 19, 20),  
(18, 3, NULL, NULL, 'StudentAttendanceLesson', 21, 22), 
(19, 3, NULL, NULL, 'StudentIdentity', 23, 24), 
(20, 3, NULL, NULL, 'StudentReportCard', 25, 26), 
(21, 3, NULL, NULL, 'StudentFee', 27, 28),  
(22, 3, NULL, NULL, 'StudentPassword', 29, 30), 
(23, 4, NULL, NULL, 'StaffProfile', 33, 34),  
(24, 4, NULL, NULL, 'StaffContact', 35, 36),  
(25, 4, NULL, NULL, 'StaffAttendanceDay', 37, 38),  
(26, 4, NULL, NULL, 'StaffAttendanceLesson', 39, 40), 
(27, 4, NULL, NULL, 'StaffTimetable', 41, 42),  
(28, 4, NULL, NULL, 'StaffBehaviour', 43, 44),  
(29, 4, NULL, NULL, 'StaffEmployment', 45, 46), 
(30, 4, NULL, NULL, 'StaffAttachment', 47, 48), 
(31, 4, NULL, NULL, 'StaffIdentity', 49, 50), 
(32, 4, NULL, NULL, 'StaffPassword', 51, 52), 
(33, 5, NULL, NULL, 'GuardianProfile', 55, 56), 
(34, 5, NULL, NULL, 'GuardianContact', 57, 58), 
(35, 5, NULL, NULL, 'GuardianIdentity', 59, 60),  
(36, 5, NULL, NULL, 'GuardianStudent', 61, 62), 
(37, 5, NULL, NULL, 'GuardianPassword', 63, 64),  
(38, 6, NULL, NULL, 'AdminProfile', 67, 68),  
(39, 6, NULL, NULL, 'Education', 69, 70), 
(40, 6, NULL, NULL, 'Assessment', 71, 72),  
(41, 6, NULL, NULL, 'CustomField', 73, 74), 
(42, 6, NULL, NULL, 'FieldOptions', 75, 76),  
(43, 6, NULL, NULL, 'Translations', 77, 78),  
(44, 6, NULL, NULL, 'ConfigItem', 79, 80),  
(45, 6, NULL, NULL, 'EducationProgramme', 81, 82),  
(46, 6, NULL, NULL, 'EducationGrade', 83, 84),  
(47, 6, NULL, NULL, 'EducationGradesSubject', 85, 86),  
(48, 6, NULL, NULL, 'EducationSubject', 87, 88),  
(49, 6, NULL, NULL, 'Finance', 89, 90), 
(50, 6, NULL, NULL, 'EducationFee', 91, 92),  
(51, 7, NULL, NULL, 'ClassProfile', 95, 96),  
(52, 7, NULL, NULL, 'ClassStudent', 97, 98),  
(53, 7, NULL, NULL, 'ClassTeacher', 99, 100), 
(54, 7, NULL, NULL, 'ClassSubject', 101, 102),  
(55, 7, NULL, NULL, 'ClassAssignment', 103, 104), 
(56, 7, NULL, NULL, 'ClassResult', 105, 106), 
(57, 7, NULL, NULL, 'ClassLesson', 107, 108), 
(58, 7, NULL, NULL, 'ClassTimetable', 109, 110),  
(59, 7, NULL, NULL, 'ClassAttendanceDay', 111, 112),  
(60, 7, NULL, NULL, 'ClassAttendanceLesson', 113, 114), 
(61, 7, NULL, NULL, 'ClassAttachment', 115, 116), 
(62, 8, NULL, NULL, 'AdministratorPassword', 119, 120); 
  
--  
-- Dumping data for table `aros`  
--  

TRUNCATE `aros`;
INSERT INTO `aros` (`id`, `parent_id`, `model`, `foreign_key`, `alias`, `lft`, `rght`) VALUES 
(1, NULL, '', NULL, 'Everyone', 1, 12), 
(2, 1, '', NULL, 'Admin', 2, 3),  
(3, 1, '', NULL, 'Staff', 4, 7),  
(4, 1, '', NULL, 'Student', 8, 9),  
(5, 1, '', NULL, 'Guardian', 10, 11), 
(6, 3, '', NULL, 'Teacher', 5, 6);  
  
--  
-- Dumping data for table `aros_acos` 
--  

TRUNCATE `aros_acos`;
INSERT INTO `aros_acos` (`id`, `aro_id`, `aco_id`, `_create`, `_read`, `_update`, `_delete`, `_execute`) VALUES 
(1, 2, 1, '1', '1', '1', '1', '1'), 
(2, 4, 9, '0', '1', '0', '0', ''),  
(3, 4, 2, '0', '1', '0', '0', ''),  
(4, 4, 3, '0', '1', '0', '0', ''),  
(5, 4, 13, '-1', '-1', '-1', '-1', '-1'), 
(6, 4, 16, '-1', '-1', '-1', '-1', '-1'), 
(7, 4, 22, '1', '1', '1', '1', '1'),  
(8, 3, 9, '0', '1', '0', '0', ''),  
(9, 3, 2, '0', '1', '0', '0', ''),  
(10, 3, 3, '0', '1', '0', '0', ''), 
(11, 3, 15, '1', '1', '1', '1', '1'), 
(12, 3, 17, '1', '1', '1', '1', '1'), 
(13, 3, 18, '1', '1', '1', '1', '1'), 
(14, 3, 13, '1', '1', '1', '1', '1'), 
(15, 3, 4, '0', '1', '0', '0', ''), 
(16, 3, 24, '1', '1', '1', '1', '1'), 
(17, 3, 28, '-1', '-1', '-1', '-1', '-1'),  
(18, 3, 22, '-1', '-1', '-1', '-1', '-1'),  
(19, 3, 37, '-1', '-1', '-1', '-1', '-1'),  
(20, 3, 32, '1', '1', '1', '1', '1'), 
(21, 3, 7, '0', '1', '0', '0', ''), 
(22, 3, 55, '1', '1', '1', '1', '1'), 
(23, 3, 56, '1', '1', '1', '1', '1'), 
(24, 3, 59, '1', '1', '1', '1', '1'), 
(25, 3, 60, '1', '1', '1', '1', '1'), 
(26, 3, 61, '1', '1', '1', '1', '1'), 
(27, 5, 9, '0', '1', '0', '0', ''), 
(28, 5, 2, '0', '1', '0', '0', ''), 
(29, 5, 5, '0', '1', '0', '0', ''), 
(30, 5, 3, '0', '1', '0', '0', ''), 
(31, 5, 37, '1', '1', '1', '1', '1'), 
(32, 5, 22, '-1', '-1', '-1', '-1', '-1');  
  

TRUNCATE `config_items`;
INSERT INTO `config_items` (`id`, `name`, `type`, `value_type`, `label`, `description`, `value`, `default_value`, `editable`, `order`, `visible`, `modified_user_id`, `modified`, `created_user_id`, `created`) VALUES
(1, 'lesson_duration', 'Timetable', NULL, 'Lesson Duration', 'Lesson Duration', '30', '30', 1, 0, 1, NULL, NULL, 1, '0000-00-00 00:00:00'),
(2, 'break_interval', 'Timetable', NULL, 'Break Interval', 'Break interval between the time', '0', '0', 1, 0, 1, NULL, NULL, 1, '0000-00-00 00:00:00'),
(3, 'start_time_of_day', 'Timetable', 'time', 'Start Time of Day', 'Start Time of Day', '10:00', '09:00:00', 1, 0, 1, NULL, NULL, 1, '0000-00-00 00:00:00'),
(4, 'end_time_of_day', 'Timetable', 'time', 'End Time of Day', 'End Time of Day', '14:00', '14:00:00', 1, 0, 1, NULL, NULL, 1, '0000-00-00 00:00:00'),
(5, 'student_attendance_session', 'Attendance', 'dropdown', 'Student Attendance Per Day', 'Number of attendance taken in a day', '1', '1', 1, 0, 1, NULL, NULL, 1, '0000-00-00 00:00:00'),
(6, 'attendance_view', 'Attendance', 'dropdown', 'Attendance View', 'Displaying either day or lesson attenance view', 'Day', 'Day', 1, 0, 1, NULL, NULL, 1, '0000-00-00 00:00:00'),
(7, 'name_display_format', 'Display', 'dropdown', 'Name Display Format', 'Name display format', 'SecurityUser.last_name,SecurityUser.middle_name,SecurityUser.first_name', 'First Last', 1, 0, 1, 1, '2014-07-29 16:38:52', 0, '0000-00-00 00:00:00'),
(8, 'language', 'Language', 'dropdown', 'Language', 'Language', 'en', 'English', 1, 0, 1, 1, '2014-11-22 01:21:19', 0, '0000-00-00 00:00:00'),
(9, 'db_version', 'Version', NULL, 'Database Version', NULL, '1.3.1', NULL, 0, 0, 0, 0, '2014-08-14 18:12:57', 0, '2014-08-14 18:12:57'),
(10, 'student_prefix', 'Auto Generated OpenEMIS ID', 'toggleVal', 'Student Prefix', 'Prefix for auto generated ID', '1,STU', NULL, 1, 0, 1, 1, NULL, 0, '0000-00-00 00:00:00'),
(11, 'staff_prefix', 'Auto Generated OpenEMIS ID', 'toggleVal', 'Staff Prefix', 'Prefix for auto generated ID', '1,STA', NULL, 1, 0, 1, 0, NULL, 0, '0000-00-00 00:00:00'),
(12, 'guardian_prefix', 'Auto Generated OpenEMIS ID', 'toggleVal', 'Guardian Prefix', 'Prefix for auto generated ID', '1,GUA', NULL, 1, 0, 1, 1, NULL, 0, '0000-00-00 00:00:00'),
(13, 'admin_prefix', 'Auto Generated OpenEMIS ID', 'toggleVal', 'Admin Prefix', 'Prefix for auto generated ID', '1,ADM', NULL, 1, 0, 1, 0, NULL, 0, '0000-00-00 00:00:00');


TRUNCATE `config_item_options`;
INSERT INTO `config_item_options` (`id`, `name`, `value`, `order`, `visible`, `config_item_id`, `created`) VALUES
(1, '1', '1', 1, 1, 5, '0000-00-00 00:00:00'),
(2, '2', '2', 2, 1, 5, '0000-00-00 00:00:00'),
(3, '3', '3', 3, 1, 5, '0000-00-00 00:00:00'),
(4, '4', '4', 4, 1, 5, '0000-00-00 00:00:00'),
(5, '5', '5', 5, 1, 5, '0000-00-00 00:00:00'),
(6, 'Day', 'Day', 1, 1, 6, '0000-00-00 00:00:00'),
(7, 'Lesson', 'Lesson', 2, 1, 6, '0000-00-00 00:00:00'),
(8, 'First Last', 'SecurityUser.first_name,SecurityUser.last_name', 1, 1, 7, '0000-00-00 00:00:00'),
(9, 'First Middle Last', 'SecurityUser.first_name,SecurityUser.middle_name,SecurityUser.last_name', 2, 1, 7, '0000-00-00 00:00:00'),
(10, 'Last First', 'SecurityUser.last_name,SecurityUser.first_name', 3, 1, 7, '0000-00-00 00:00:00'),
(11, 'Last Middle First', 'SecurityUser.last_name,SecurityUser.middle_name,SecurityUser.first_name', 4, 1, 7, '0000-00-00 00:00:00'),
(12, 'English', 'en', 1, 1, 8, '0000-00-00 00:00:00'),
(13, 'espaol', 'es', 1, 1, 8, '0000-00-00 00:00:00'),
(14, 'franais', 'fr', 1, 1, 8, '0000-00-00 00:00:00'),
(15, '', 'ru', 1, 1, 8, '0000-00-00 00:00:00'),
(16, '', 'zh', 1, 1, 8, '0000-00-00 00:00:00'),
(17, '', 'ar', 1, 1, 8, '0000-00-00 00:00:00');

TRUNCATE `contact_types`;
INSERT INTO `contact_types` (`id`, `name`, `order`, `visible`, `modified_user_id`, `modified`, `created_user_id`, `created`) VALUES
(1, 'Mobile', 1, 1, NULL, NULL, 1, '0000-00-00 00:00:00'),
(2, 'Phone', 2, 1, NULL, NULL, 1, '0000-00-00 00:00:00'),
(3, 'Fax', 3, 1, NULL, NULL, 1, '0000-00-00 00:00:00'),
(4, 'Email', 4, 1, NULL, NULL, 1, '0000-00-00 00:00:00'),
(5, 'Other', 5, 1, NULL, NULL, 1, '0000-00-00 00:00:00');

TRUNCATE `countries`;
INSERT INTO `countries` (`id`, `name`, `international_code`, `national_code`, `order`, `visible`, `editable`, `default`, `modified_user_id`, `modified`, `created_user_id`, `created`) VALUES
(1, 'Afghanistan', NULL, NULL, 1, 1, 1, 0, NULL, NULL, 1, '2013-11-28 13:26:52'),
(2, 'Aland Islands', NULL, NULL, 2, 1, 1, 0, NULL, NULL, 1, '2013-11-28 13:26:52'),
(3, 'Albania', NULL, NULL, 3, 1, 1, 0, NULL, NULL, 1, '2013-11-28 13:26:52'),
(4, 'Algeria', NULL, NULL, 4, 1, 1, 0, NULL, NULL, 1, '2013-11-28 13:26:52'),
(5, 'American Samoa', NULL, NULL, 5, 1, 1, 0, NULL, NULL, 1, '2013-11-28 13:26:52'),
(6, 'Andorra', NULL, NULL, 6, 1, 1, 0, NULL, NULL, 1, '2013-11-28 13:26:52'),
(7, 'Angola', NULL, NULL, 7, 1, 1, 0, NULL, NULL, 1, '2013-11-28 13:26:52'),
(8, 'Anguilla', NULL, NULL, 8, 1, 1, 0, NULL, NULL, 1, '2013-11-28 13:26:52'),
(9, 'Antarctica', NULL, NULL, 9, 1, 1, 0, NULL, NULL, 1, '2013-11-28 13:26:52'),
(10, 'Antigua and Barbuda', NULL, NULL, 10, 1, 1, 0, NULL, NULL, 1, '2013-11-28 13:26:52'),
(11, 'Argentina', NULL, NULL, 11, 1, 1, 0, NULL, NULL, 1, '2013-11-28 13:26:52'),
(12, 'Armenia', NULL, NULL, 12, 1, 1, 0, NULL, NULL, 1, '2013-11-28 13:26:52'),
(13, 'Aruba', NULL, NULL, 13, 1, 1, 0, NULL, NULL, 1, '2013-11-28 13:26:52'),
(14, 'Australia', NULL, NULL, 14, 1, 1, 0, NULL, NULL, 1, '2013-11-28 13:26:52'),
(15, 'Austria', NULL, NULL, 15, 1, 1, 0, NULL, NULL, 1, '2013-11-28 13:26:52'),
(16, 'Azerbaijan', NULL, NULL, 16, 1, 1, 0, NULL, NULL, 1, '2013-11-28 13:26:52'),
(17, 'Bahamas', NULL, NULL, 17, 1, 1, 0, NULL, NULL, 1, '2013-11-28 13:26:52'),
(18, 'Bahrain', NULL, NULL, 18, 1, 1, 0, NULL, NULL, 1, '2013-11-28 13:26:52'),
(19, 'Bangladesh', NULL, NULL, 19, 1, 1, 0, NULL, NULL, 1, '2013-11-28 13:26:52'),
(20, 'Barbados', NULL, NULL, 20, 1, 1, 0, NULL, NULL, 1, '2013-11-28 13:26:52'),
(21, 'Belarus', NULL, NULL, 21, 1, 1, 0, NULL, NULL, 1, '2013-11-28 13:26:52'),
(22, 'Belgium', NULL, NULL, 22, 1, 1, 0, NULL, NULL, 1, '2013-11-28 13:26:52'),
(23, 'Belize', NULL, NULL, 23, 1, 1, 0, NULL, NULL, 1, '2013-11-28 13:26:52'),
(24, 'Benin', NULL, NULL, 24, 1, 1, 0, NULL, NULL, 1, '2013-11-28 13:26:52'),
(25, 'Bermuda', NULL, NULL, 25, 1, 1, 0, NULL, NULL, 1, '2013-11-28 13:26:52'),
(26, 'Bhutan', NULL, NULL, 26, 1, 1, 0, NULL, NULL, 1, '2013-11-28 13:26:52'),
(27, 'Bolivia', NULL, NULL, 27, 1, 1, 0, NULL, NULL, 1, '2013-11-28 13:26:52'),
(28, 'Bonaire, Sint Eustatius and Saba', NULL, NULL, 28, 1, 1, 0, NULL, NULL, 1, '2013-11-28 13:26:52'),
(29, 'Bosnia and Herzegovina', NULL, NULL, 29, 1, 1, 0, NULL, NULL, 1, '2013-11-28 13:26:52'),
(30, 'Botswana', NULL, NULL, 30, 1, 1, 0, NULL, NULL, 1, '2013-11-28 13:26:52'),
(31, 'Bouvet Island', NULL, NULL, 31, 1, 1, 0, NULL, NULL, 1, '2013-11-28 13:26:52'),
(32, 'Brazil', NULL, NULL, 32, 1, 1, 0, NULL, NULL, 1, '2013-11-28 13:26:52'),
(33, 'British Indian Ocean Territory', NULL, NULL, 33, 1, 1, 0, NULL, NULL, 1, '2013-11-28 13:26:52'),
(34, 'Brunei', NULL, NULL, 34, 1, 1, 0, NULL, NULL, 1, '2013-11-28 13:26:52'),
(35, 'Bulgaria', NULL, NULL, 35, 1, 1, 0, NULL, NULL, 1, '2013-11-28 13:26:52'),
(36, 'Burkina Faso', NULL, NULL, 36, 1, 1, 0, NULL, NULL, 1, '2013-11-28 13:26:52'),
(37, 'Burundi', NULL, NULL, 37, 1, 1, 0, NULL, NULL, 1, '2013-11-28 13:26:52'),
(38, 'Cambodia', NULL, NULL, 38, 1, 1, 0, NULL, NULL, 1, '2013-11-28 13:26:52'),
(39, 'Cameroon', NULL, NULL, 39, 1, 1, 0, NULL, NULL, 1, '2013-11-28 13:26:52'),
(40, 'Canada', NULL, NULL, 40, 1, 1, 0, NULL, NULL, 1, '2013-11-28 13:26:52'),
(41, 'Cape Verde', NULL, NULL, 41, 1, 1, 0, NULL, NULL, 1, '2013-11-28 13:26:52'),
(42, 'Cayman Islands', NULL, NULL, 42, 1, 1, 0, NULL, NULL, 1, '2013-11-28 13:26:52'),
(43, 'Central African Republic', NULL, NULL, 43, 1, 1, 0, NULL, NULL, 1, '2013-11-28 13:26:52'),
(44, 'Chad', NULL, NULL, 44, 1, 1, 0, NULL, NULL, 1, '2013-11-28 13:26:52'),
(45, 'Chile', NULL, NULL, 45, 1, 1, 0, NULL, NULL, 1, '2013-11-28 13:26:52'),
(46, 'China', NULL, NULL, 46, 1, 1, 0, NULL, NULL, 1, '2013-11-28 13:26:52'),
(47, 'Christmas Island', NULL, NULL, 47, 1, 1, 0, NULL, NULL, 1, '2013-11-28 13:26:52'),
(48, 'Cocos (Keeling) Islands', NULL, NULL, 48, 1, 1, 0, NULL, NULL, 1, '2013-11-28 13:26:52'),
(49, 'Colombia', NULL, NULL, 49, 1, 1, 0, NULL, NULL, 1, '2013-11-28 13:26:52'),
(50, 'Comoros', NULL, NULL, 50, 1, 1, 0, NULL, NULL, 1, '2013-11-28 13:26:52'),
(51, 'Congo', NULL, NULL, 51, 1, 1, 0, NULL, NULL, 1, '2013-11-28 13:26:52'),
(52, 'Cook Islands', NULL, NULL, 52, 1, 1, 0, NULL, NULL, 1, '2013-11-28 13:26:52'),
(53, 'Costa Rica', NULL, NULL, 53, 1, 1, 0, NULL, NULL, 1, '2013-11-28 13:26:52'),
(54, 'Cote d''ivoire (Ivory Coast)', NULL, NULL, 54, 1, 1, 0, NULL, NULL, 1, '2013-11-28 13:26:52'),
(55, 'Croatia', NULL, NULL, 55, 1, 1, 0, NULL, NULL, 1, '2013-11-28 13:26:52'),
(56, 'Cuba', NULL, NULL, 56, 1, 1, 0, NULL, NULL, 1, '2013-11-28 13:26:52'),
(57, 'Curacao', NULL, NULL, 57, 1, 1, 0, NULL, NULL, 1, '2013-11-28 13:26:52'),
(58, 'Cyprus', NULL, NULL, 58, 1, 1, 0, NULL, NULL, 1, '2013-11-28 13:26:52'),
(59, 'Czech Republic', NULL, NULL, 59, 1, 1, 0, NULL, NULL, 1, '2013-11-28 13:26:52'),
(60, 'Democratic Republic of the Congo', NULL, NULL, 60, 1, 1, 0, NULL, NULL, 1, '2013-11-28 13:26:52'),
(61, 'Denmark', NULL, NULL, 61, 1, 1, 0, NULL, NULL, 1, '2013-11-28 13:26:52'),
(62, 'Djibouti', NULL, NULL, 62, 1, 1, 0, NULL, NULL, 1, '2013-11-28 13:26:52'),
(63, 'Dominica', NULL, NULL, 63, 1, 1, 0, NULL, NULL, 1, '2013-11-28 13:26:52'),
(64, 'Dominican Republic', NULL, NULL, 64, 1, 1, 0, NULL, NULL, 1, '2013-11-28 13:26:52'),
(65, 'Ecuador', NULL, NULL, 65, 1, 1, 0, NULL, NULL, 1, '2013-11-28 13:26:52'),
(66, 'Egypt', NULL, NULL, 66, 1, 1, 0, NULL, NULL, 1, '2013-11-28 13:26:52'),
(67, 'El Salvador', NULL, NULL, 67, 1, 1, 0, NULL, NULL, 1, '2013-11-28 13:26:52'),
(68, 'Equatorial Guinea', NULL, NULL, 68, 1, 1, 0, NULL, NULL, 1, '2013-11-28 13:26:52'),
(69, 'Eritrea', NULL, NULL, 69, 1, 1, 0, NULL, NULL, 1, '2013-11-28 13:26:52'),
(70, 'Estonia', NULL, NULL, 70, 1, 1, 0, NULL, NULL, 1, '2013-11-28 13:26:52'),
(71, 'Ethiopia', NULL, NULL, 71, 1, 1, 0, NULL, NULL, 1, '2013-11-28 13:26:52'),
(72, 'Falkland Islands (Malvinas)', NULL, NULL, 72, 1, 1, 0, NULL, NULL, 1, '2013-11-28 13:26:52'),
(73, 'Faroe Islands', NULL, NULL, 73, 1, 1, 0, NULL, NULL, 1, '2013-11-28 13:26:52'),
(74, 'Fiji', NULL, NULL, 74, 1, 1, 0, NULL, NULL, 1, '2013-11-28 13:26:52'),
(75, 'Finland', NULL, NULL, 75, 1, 1, 0, NULL, NULL, 1, '2013-11-28 13:26:52'),
(76, 'France', NULL, NULL, 76, 1, 1, 0, NULL, NULL, 1, '2013-11-28 13:26:52'),
(77, 'French Guiana', NULL, NULL, 77, 1, 1, 0, NULL, NULL, 1, '2013-11-28 13:26:52'),
(78, 'French Polynesia', NULL, NULL, 78, 1, 1, 0, NULL, NULL, 1, '2013-11-28 13:26:52'),
(79, 'French Southern Territories', NULL, NULL, 79, 1, 1, 0, NULL, NULL, 1, '2013-11-28 13:26:52'),
(80, 'Gabon', NULL, NULL, 80, 1, 1, 0, NULL, NULL, 1, '2013-11-28 13:26:52'),
(81, 'Gambia', NULL, NULL, 81, 1, 1, 0, NULL, NULL, 1, '2013-11-28 13:26:52'),
(82, 'Georgia', NULL, NULL, 82, 1, 1, 0, NULL, NULL, 1, '2013-11-28 13:26:52'),
(83, 'Germany', NULL, NULL, 83, 1, 1, 0, NULL, NULL, 1, '2013-11-28 13:26:52'),
(84, 'Ghana', NULL, NULL, 84, 1, 1, 0, NULL, NULL, 1, '2013-11-28 13:26:52'),
(85, 'Gibraltar', NULL, NULL, 85, 1, 1, 0, NULL, NULL, 1, '2013-11-28 13:26:52'),
(86, 'Greece', NULL, NULL, 86, 1, 1, 0, NULL, NULL, 1, '2013-11-28 13:26:52'),
(87, 'Greenland', NULL, NULL, 87, 1, 1, 0, NULL, NULL, 1, '2013-11-28 13:26:52'),
(88, 'Grenada', NULL, NULL, 88, 1, 1, 0, NULL, NULL, 1, '2013-11-28 13:26:52'),
(89, 'Guadaloupe', NULL, NULL, 89, 1, 1, 0, NULL, NULL, 1, '2013-11-28 13:26:52'),
(90, 'Guam', NULL, NULL, 90, 1, 1, 0, NULL, NULL, 1, '2013-11-28 13:26:52'),
(91, 'Guatemala', NULL, NULL, 91, 1, 1, 0, NULL, NULL, 1, '2013-11-28 13:26:52'),
(92, 'Guernsey', NULL, NULL, 92, 1, 1, 0, NULL, NULL, 1, '2013-11-28 13:26:52'),
(93, 'Guinea', NULL, NULL, 93, 1, 1, 0, NULL, NULL, 1, '2013-11-28 13:26:52'),
(94, 'Guinea-Bissau', NULL, NULL, 94, 1, 1, 0, NULL, NULL, 1, '2013-11-28 13:26:52'),
(95, 'Guyana', NULL, NULL, 95, 1, 1, 0, NULL, NULL, 1, '2013-11-28 13:26:52'),
(96, 'Haiti', NULL, NULL, 96, 1, 1, 0, NULL, NULL, 1, '2013-11-28 13:26:52'),
(97, 'Heard Island and McDonald Islands', NULL, NULL, 97, 1, 1, 0, NULL, NULL, 1, '2013-11-28 13:26:52'),
(98, 'Honduras', NULL, NULL, 98, 1, 1, 0, NULL, NULL, 1, '2013-11-28 13:26:52'),
(99, 'Hong Kong', NULL, NULL, 99, 1, 1, 0, NULL, NULL, 1, '2013-11-28 13:26:52'),
(100, 'Hungary', NULL, NULL, 100, 1, 1, 0, NULL, NULL, 1, '2013-11-28 13:26:52'),
(101, 'Iceland', NULL, NULL, 101, 1, 1, 0, NULL, NULL, 1, '2013-11-28 13:26:52'),
(102, 'India', NULL, NULL, 102, 1, 1, 0, NULL, NULL, 1, '2013-11-28 13:26:52'),
(103, 'Indonesia', NULL, NULL, 103, 1, 1, 0, NULL, NULL, 1, '2013-11-28 13:26:52'),
(104, 'Iran', NULL, NULL, 104, 1, 1, 0, NULL, NULL, 1, '2013-11-28 13:26:52'),
(105, 'Iraq', NULL, NULL, 105, 1, 1, 0, NULL, NULL, 1, '2013-11-28 13:26:52'),
(106, 'Ireland', NULL, NULL, 106, 1, 1, 0, NULL, NULL, 1, '2013-11-28 13:26:52'),
(107, 'Isle of Man', NULL, NULL, 107, 1, 1, 0, NULL, NULL, 1, '2013-11-28 13:26:52'),
(108, 'Israel', NULL, NULL, 108, 1, 1, 0, NULL, NULL, 1, '2013-11-28 13:26:52'),
(109, 'Italy', NULL, NULL, 109, 1, 1, 0, NULL, NULL, 1, '2013-11-28 13:26:52'),
(110, 'Jamaica', NULL, NULL, 110, 1, 1, 0, NULL, NULL, 1, '2013-11-28 13:26:52'),
(111, 'Japan', NULL, NULL, 111, 1, 1, 0, NULL, NULL, 1, '2013-11-28 13:26:52'),
(112, 'Jersey', NULL, NULL, 112, 1, 1, 0, NULL, NULL, 1, '2013-11-28 13:26:52'),
(113, 'Jordan', NULL, NULL, 113, 1, 1, 0, NULL, NULL, 1, '2013-11-28 13:26:52'),
(114, 'Kazakhstan', NULL, NULL, 114, 1, 1, 0, NULL, NULL, 1, '2013-11-28 13:26:52'),
(115, 'Kenya', NULL, NULL, 115, 1, 1, 0, NULL, NULL, 1, '2013-11-28 13:26:52'),
(116, 'Kiribati', NULL, NULL, 116, 1, 1, 0, NULL, NULL, 1, '2013-11-28 13:26:52'),
(117, 'Kosovo', NULL, NULL, 117, 1, 1, 0, NULL, NULL, 1, '2013-11-28 13:26:52'),
(118, 'Kuwait', NULL, NULL, 118, 1, 1, 0, NULL, NULL, 1, '2013-11-28 13:26:52'),
(119, 'Kyrgyzstan', NULL, NULL, 119, 1, 1, 0, NULL, NULL, 1, '2013-11-28 13:26:52'),
(120, 'Laos', NULL, NULL, 120, 1, 1, 0, NULL, NULL, 1, '2013-11-28 13:26:52'),
(121, 'Latvia', NULL, NULL, 121, 1, 1, 0, NULL, NULL, 1, '2013-11-28 13:26:52'),
(122, 'Lebanon', NULL, NULL, 122, 1, 1, 0, NULL, NULL, 1, '2013-11-28 13:26:52'),
(123, 'Lesotho', NULL, NULL, 123, 1, 1, 0, NULL, NULL, 1, '2013-11-28 13:26:52'),
(124, 'Liberia', NULL, NULL, 124, 1, 1, 0, NULL, NULL, 1, '2013-11-28 13:26:52'),
(125, 'Libya', NULL, NULL, 125, 1, 1, 0, NULL, NULL, 1, '2013-11-28 13:26:52'),
(126, 'Liechtenstein', NULL, NULL, 126, 1, 1, 0, NULL, NULL, 1, '2013-11-28 13:26:52'),
(127, 'Lithuania', NULL, NULL, 127, 1, 1, 0, NULL, NULL, 1, '2013-11-28 13:26:52'),
(128, 'Luxembourg', NULL, NULL, 128, 1, 1, 0, NULL, NULL, 1, '2013-11-28 13:26:52'),
(129, 'Macao', NULL, NULL, 129, 1, 1, 0, NULL, NULL, 1, '2013-11-28 13:26:52'),
(130, 'Macedonia', NULL, NULL, 130, 1, 1, 0, NULL, NULL, 1, '2013-11-28 13:26:52'),
(131, 'Madagascar', NULL, NULL, 131, 1, 1, 0, NULL, NULL, 1, '2013-11-28 13:26:52'),
(132, 'Malawi', NULL, NULL, 132, 1, 1, 0, NULL, NULL, 1, '2013-11-28 13:26:52'),
(133, 'Malaysia', NULL, NULL, 133, 1, 1, 0, NULL, NULL, 1, '2013-11-28 13:26:52'),
(134, 'Maldives', NULL, NULL, 134, 1, 1, 0, NULL, NULL, 1, '2013-11-28 13:26:52'),
(135, 'Mali', NULL, NULL, 135, 1, 1, 0, NULL, NULL, 1, '2013-11-28 13:26:52'),
(136, 'Malta', NULL, NULL, 136, 1, 1, 0, NULL, NULL, 1, '2013-11-28 13:26:52'),
(137, 'Marshall Islands', NULL, NULL, 137, 1, 1, 0, NULL, NULL, 1, '2013-11-28 13:26:52'),
(138, 'Martinique', NULL, NULL, 138, 1, 1, 0, NULL, NULL, 1, '2013-11-28 13:26:52'),
(139, 'Mauritania', NULL, NULL, 139, 1, 1, 0, NULL, NULL, 1, '2013-11-28 13:26:52'),
(140, 'Mauritius', NULL, NULL, 140, 1, 1, 0, NULL, NULL, 1, '2013-11-28 13:26:52'),
(141, 'Mayotte', NULL, NULL, 141, 1, 1, 0, NULL, NULL, 1, '2013-11-28 13:26:52'),
(142, 'Mexico', NULL, NULL, 142, 1, 1, 0, NULL, NULL, 1, '2013-11-28 13:26:52'),
(143, 'Micronesia', NULL, NULL, 143, 1, 1, 0, NULL, NULL, 1, '2013-11-28 13:26:52'),
(144, 'Moldava', NULL, NULL, 144, 1, 1, 0, NULL, NULL, 1, '2013-11-28 13:26:52'),
(145, 'Monaco', NULL, NULL, 145, 1, 1, 0, NULL, NULL, 1, '2013-11-28 13:26:52'),
(146, 'Mongolia', NULL, NULL, 146, 1, 1, 0, NULL, NULL, 1, '2013-11-28 13:26:52'),
(147, 'Montenegro', NULL, NULL, 147, 1, 1, 0, NULL, NULL, 1, '2013-11-28 13:26:52'),
(148, 'Montserrat', NULL, NULL, 148, 1, 1, 0, NULL, NULL, 1, '2013-11-28 13:26:52'),
(149, 'Morocco', NULL, NULL, 149, 1, 1, 0, NULL, NULL, 1, '2013-11-28 13:26:52'),
(150, 'Mozambique', NULL, NULL, 150, 1, 1, 0, NULL, NULL, 1, '2013-11-28 13:26:52'),
(151, 'Myanmar (Burma)', NULL, NULL, 151, 1, 1, 0, NULL, NULL, 1, '2013-11-28 13:26:52'),
(152, 'Namibia', NULL, NULL, 152, 1, 1, 0, NULL, NULL, 1, '2013-11-28 13:26:52'),
(153, 'Nauru', NULL, NULL, 153, 1, 1, 0, NULL, NULL, 1, '2013-11-28 13:26:52'),
(154, 'Nepal', NULL, NULL, 154, 1, 1, 0, NULL, NULL, 1, '2013-11-28 13:26:52'),
(155, 'Netherlands', NULL, NULL, 155, 1, 1, 0, NULL, NULL, 1, '2013-11-28 13:26:52'),
(156, 'New Caledonia', NULL, NULL, 156, 1, 1, 0, NULL, NULL, 1, '2013-11-28 13:26:52'),
(157, 'New Zealand', NULL, NULL, 157, 1, 1, 0, NULL, NULL, 1, '2013-11-28 13:26:52'),
(158, 'Nicaragua', NULL, NULL, 158, 1, 1, 0, NULL, NULL, 1, '2013-11-28 13:26:52'),
(159, 'Niger', NULL, NULL, 159, 1, 1, 0, NULL, NULL, 1, '2013-11-28 13:26:52'),
(160, 'Nigeria', NULL, NULL, 160, 1, 1, 0, NULL, NULL, 1, '2013-11-28 13:26:52'),
(161, 'Niue', NULL, NULL, 161, 1, 1, 0, NULL, NULL, 1, '2013-11-28 13:26:52'),
(162, 'Norfolk Island', NULL, NULL, 162, 1, 1, 0, NULL, NULL, 1, '2013-11-28 13:26:52'),
(163, 'North Korea', NULL, NULL, 163, 1, 1, 0, NULL, NULL, 1, '2013-11-28 13:26:52'),
(164, 'Northern Mariana Islands', NULL, NULL, 164, 1, 1, 0, NULL, NULL, 1, '2013-11-28 13:26:52'),
(165, 'Norway', NULL, NULL, 165, 1, 1, 0, NULL, NULL, 1, '2013-11-28 13:26:52'),
(166, 'Oman', NULL, NULL, 166, 1, 1, 0, NULL, NULL, 1, '2013-11-28 13:26:52'),
(167, 'Pakistan', NULL, NULL, 167, 1, 1, 0, NULL, NULL, 1, '2013-11-28 13:26:52'),
(168, 'Palau', NULL, NULL, 168, 1, 1, 0, NULL, NULL, 1, '2013-11-28 13:26:52'),
(169, 'Palestine', NULL, NULL, 169, 1, 1, 0, NULL, NULL, 1, '2013-11-28 13:26:52'),
(170, 'Panama', NULL, NULL, 170, 1, 1, 0, NULL, NULL, 1, '2013-11-28 13:26:52'),
(171, 'Papua New Guinea', NULL, NULL, 171, 1, 1, 0, NULL, NULL, 1, '2013-11-28 13:26:52'),
(172, 'Paraguay', NULL, NULL, 172, 1, 1, 0, NULL, NULL, 1, '2013-11-28 13:26:52'),
(173, 'Peru', NULL, NULL, 173, 1, 1, 0, NULL, NULL, 1, '2013-11-28 13:26:52'),
(174, 'Phillipines', NULL, NULL, 174, 1, 1, 0, NULL, NULL, 1, '2013-11-28 13:26:52'),
(175, 'Pitcairn', NULL, NULL, 175, 1, 1, 0, NULL, NULL, 1, '2013-11-28 13:26:52'),
(176, 'Poland', NULL, NULL, 176, 1, 1, 0, NULL, NULL, 1, '2013-11-28 13:26:52'),
(177, 'Portugal', NULL, NULL, 177, 1, 1, 0, NULL, NULL, 1, '2013-11-28 13:26:52'),
(178, 'Puerto Rico', NULL, NULL, 178, 1, 1, 0, NULL, NULL, 1, '2013-11-28 13:26:52'),
(179, 'Qatar', NULL, NULL, 179, 1, 1, 0, NULL, NULL, 1, '2013-11-28 13:26:52'),
(180, 'Reunion', NULL, NULL, 180, 1, 1, 0, NULL, NULL, 1, '2013-11-28 13:26:52'),
(181, 'Romania', NULL, NULL, 181, 1, 1, 0, NULL, NULL, 1, '2013-11-28 13:26:52'),
(182, 'Russia', NULL, NULL, 182, 1, 1, 0, NULL, NULL, 1, '2013-11-28 13:26:52'),
(183, 'Rwanda', NULL, NULL, 183, 1, 1, 0, NULL, NULL, 1, '2013-11-28 13:26:52'),
(184, 'Saint Barthelemy', NULL, NULL, 184, 1, 1, 0, NULL, NULL, 1, '2013-11-28 13:26:52'),
(185, 'Saint Helena', NULL, NULL, 185, 1, 1, 0, NULL, NULL, 1, '2013-11-28 13:26:52'),
(186, 'Saint Kitts and Nevis', NULL, NULL, 186, 1, 1, 0, NULL, NULL, 1, '2013-11-28 13:26:52'),
(187, 'Saint Lucia', NULL, NULL, 187, 1, 1, 0, NULL, NULL, 1, '2013-11-28 13:26:52'),
(188, 'Saint Martin', NULL, NULL, 188, 1, 1, 0, NULL, NULL, 1, '2013-11-28 13:26:52'),
(189, 'Saint Pierre and Miquelon', NULL, NULL, 189, 1, 1, 0, NULL, NULL, 1, '2013-11-28 13:26:52'),
(190, 'Saint Vincent and the Grenadines', NULL, NULL, 190, 1, 1, 0, NULL, NULL, 1, '2013-11-28 13:26:52'),
(191, 'Samoa', NULL, NULL, 191, 1, 1, 0, NULL, NULL, 1, '2013-11-28 13:26:52'),
(192, 'San Marino', NULL, NULL, 192, 1, 1, 0, NULL, NULL, 1, '2013-11-28 13:26:52'),
(193, 'Sao Tome and Principe', NULL, NULL, 193, 1, 1, 0, NULL, NULL, 1, '2013-11-28 13:26:52'),
(194, 'Saudi Arabia', NULL, NULL, 194, 1, 1, 0, NULL, NULL, 1, '2013-11-28 13:26:52'),
(195, 'Senegal', NULL, NULL, 195, 1, 1, 0, NULL, NULL, 1, '2013-11-28 13:26:52'),
(196, 'Serbia', NULL, NULL, 196, 1, 1, 0, NULL, NULL, 1, '2013-11-28 13:26:52'),
(197, 'Seychelles', NULL, NULL, 197, 1, 1, 0, NULL, NULL, 1, '2013-11-28 13:26:52'),
(198, 'Sierra Leone', NULL, NULL, 198, 1, 1, 0, NULL, NULL, 1, '2013-11-28 13:26:52'),
(199, 'Singapore', NULL, NULL, 199, 1, 1, 0, NULL, NULL, 1, '2013-11-28 13:26:52'),
(200, 'Sint Maarten', NULL, NULL, 200, 1, 1, 0, NULL, NULL, 1, '2013-11-28 13:26:52'),
(201, 'Slovakia', NULL, NULL, 201, 1, 1, 0, NULL, NULL, 1, '2013-11-28 13:26:52'),
(202, 'Slovenia', NULL, NULL, 202, 1, 1, 0, NULL, NULL, 1, '2013-11-28 13:26:52'),
(203, 'Solomon Islands', NULL, NULL, 203, 1, 1, 0, NULL, NULL, 1, '2013-11-28 13:26:52'),
(204, 'Somalia', NULL, NULL, 204, 1, 1, 0, NULL, NULL, 1, '2013-11-28 13:26:52'),
(205, 'South Africa', NULL, NULL, 205, 1, 1, 0, NULL, NULL, 1, '2013-11-28 13:26:52'),
(206, 'South Georgia and the South Sandwich Islands', NULL, NULL, 206, 1, 1, 0, NULL, NULL, 1, '2013-11-28 13:26:52'),
(207, 'South Korea', NULL, NULL, 207, 1, 1, 0, NULL, NULL, 1, '2013-11-28 13:26:52'),
(208, 'South Sudan', NULL, NULL, 208, 1, 1, 0, NULL, NULL, 1, '2013-11-28 13:26:52'),
(209, 'Spain', NULL, NULL, 209, 1, 1, 0, NULL, NULL, 1, '2013-11-28 13:26:52'),
(210, 'Sri Lanka', NULL, NULL, 210, 1, 1, 0, NULL, NULL, 1, '2013-11-28 13:26:52'),
(211, 'Sudan', NULL, NULL, 211, 1, 1, 0, NULL, NULL, 1, '2013-11-28 13:26:52'),
(212, 'Suriname', NULL, NULL, 212, 1, 1, 0, NULL, NULL, 1, '2013-11-28 13:26:52'),
(213, 'Svalbard and Jan Mayen', NULL, NULL, 213, 1, 1, 0, NULL, NULL, 1, '2013-11-28 13:26:52'),
(214, 'Swaziland', NULL, NULL, 214, 1, 1, 0, NULL, NULL, 1, '2013-11-28 13:26:52'),
(215, 'Sweden', NULL, NULL, 215, 1, 1, 0, NULL, NULL, 1, '2013-11-28 13:26:52'),
(216, 'Switzerland', NULL, NULL, 216, 1, 1, 0, NULL, NULL, 1, '2013-11-28 13:26:52'),
(217, 'Syria', NULL, NULL, 217, 1, 1, 0, NULL, NULL, 1, '2013-11-28 13:26:52'),
(218, 'Taiwan', NULL, NULL, 218, 1, 1, 0, NULL, NULL, 1, '2013-11-28 13:26:52'),
(219, 'Tajikistan', NULL, NULL, 219, 1, 1, 0, NULL, NULL, 1, '2013-11-28 13:26:52'),
(220, 'Tanzania', NULL, NULL, 220, 1, 1, 0, NULL, NULL, 1, '2013-11-28 13:26:52'),
(221, 'Thailand', NULL, NULL, 221, 1, 1, 0, NULL, NULL, 1, '2013-11-28 13:26:52'),
(222, 'Timor-Leste (East Timor)', NULL, NULL, 222, 1, 1, 0, NULL, NULL, 1, '2013-11-28 13:26:52'),
(223, 'Togo', NULL, NULL, 223, 1, 1, 0, NULL, NULL, 1, '2013-11-28 13:26:52'),
(224, 'Tokelau', NULL, NULL, 224, 1, 1, 0, NULL, NULL, 1, '2013-11-28 13:26:52'),
(225, 'Tonga', NULL, NULL, 225, 1, 1, 0, NULL, NULL, 1, '2013-11-28 13:26:52'),
(226, 'Trinidad and Tobago', NULL, NULL, 226, 1, 1, 0, NULL, NULL, 1, '2013-11-28 13:26:52'),
(227, 'Tunisia', NULL, NULL, 227, 1, 1, 0, NULL, NULL, 1, '2013-11-28 13:26:52'),
(228, 'Turkey', NULL, NULL, 228, 1, 1, 0, NULL, NULL, 1, '2013-11-28 13:26:52'),
(229, 'Turkmenistan', NULL, NULL, 229, 1, 1, 0, NULL, NULL, 1, '2013-11-28 13:26:52'),
(230, 'Turks and Caicos Islands', NULL, NULL, 230, 1, 1, 0, NULL, NULL, 1, '2013-11-28 13:26:52'),
(231, 'Tuvalu', NULL, NULL, 231, 1, 1, 0, NULL, NULL, 1, '2013-11-28 13:26:52'),
(232, 'Uganda', NULL, NULL, 232, 1, 1, 0, NULL, NULL, 1, '2013-11-28 13:26:52'),
(233, 'Ukraine', NULL, NULL, 233, 1, 1, 0, NULL, NULL, 1, '2013-11-28 13:26:52'),
(234, 'United Arab Emirates', NULL, NULL, 234, 1, 1, 0, NULL, NULL, 1, '2013-11-28 13:26:52'),
(235, 'United Kingdom', NULL, NULL, 235, 1, 1, 0, NULL, NULL, 1, '2013-11-28 13:26:52'),
(236, 'United States', NULL, NULL, 236, 1, 1, 0, NULL, NULL, 1, '2013-11-28 13:26:52'),
(237, 'United States Minor Outlying Islands', NULL, NULL, 237, 1, 1, 0, NULL, NULL, 1, '2013-11-28 13:26:52'),
(238, 'Uruguay', NULL, NULL, 238, 1, 1, 0, NULL, NULL, 1, '2013-11-28 13:26:52'),
(239, 'Uzbekistan', NULL, NULL, 239, 1, 1, 0, NULL, NULL, 1, '2013-11-28 13:26:52'),
(240, 'Vanuatu', NULL, NULL, 240, 1, 1, 0, NULL, NULL, 1, '2013-11-28 13:26:52'),
(241, 'Vatican City', NULL, NULL, 241, 1, 1, 0, NULL, NULL, 1, '2013-11-28 13:26:52'),
(242, 'Venezuela', NULL, NULL, 242, 1, 1, 0, NULL, NULL, 1, '2013-11-28 13:26:52'),
(243, 'Vietnam', NULL, NULL, 243, 1, 1, 0, NULL, NULL, 1, '2013-11-28 13:26:52'),
(244, 'Virgin Islands, British', NULL, NULL, 244, 1, 1, 0, NULL, NULL, 1, '2013-11-28 13:26:52'),
(245, 'Virgin Islands, US', NULL, NULL, 245, 1, 1, 0, NULL, NULL, 1, '2013-11-28 13:26:52'),
(246, 'Wallis and Futuna', NULL, NULL, 246, 1, 1, 0, NULL, NULL, 1, '2013-11-28 13:26:52'),
(247, 'Western Sahara', NULL, NULL, 247, 1, 1, 0, NULL, NULL, 1, '2013-11-28 13:26:52'),
(248, 'Yemen', NULL, NULL, 248, 1, 1, 0, NULL, NULL, 1, '2013-11-28 13:26:52'),
(249, 'Zambia', NULL, NULL, 249, 1, 1, 0, NULL, NULL, 1, '2013-11-28 13:26:52'),
(250, 'Zimbabwe', NULL, NULL, 250, 1, 1, 0, NULL, NULL, 1, '2013-11-28 13:26:52');

TRUNCATE `field_options`;
INSERT INTO `field_options` (`id`, `code`, `name`, `parent`, `params`, `order`, `visible`, `modified_user_id`, `modified`, `created_user_id`, `created`) VALUES
(1, 'AssessmentResultType', 'Result Types', 'Assessment', '{"model":"AssessmentResultType"}', 1, 1, NULL, NULL, 1, '0000-00-00 00:00:00'),
(2, 'StudentCategory', 'Categories', 'Student', '{"model":"StudentCategory"}', 2, 1, NULL, NULL, 1, '0000-00-00 00:00:00'),
(3, 'StudentStatus', 'Statuses', 'Student', '{"model":"StudentStatus"}', 3, 1, NULL, NULL, 1, '0000-00-00 00:00:00'),
(4, 'StudentAttendanceType', 'Attendance Types', 'Student', '{"model":"StudentAttendanceType"}', 4, 1, NULL, NULL, 1, '0000-00-00 00:00:00'),
(5, 'StaffCategory', 'Categories', 'Staff', '{"model":"StaffCategory"}', 5, 1, NULL, NULL, 1, '0000-00-00 00:00:00'),
(6, 'StaffStatus', 'Statuses', 'Staff', '{"model":"StaffStatus"}', 6, 1, NULL, NULL, 1, '0000-00-00 00:00:00'),
(7, 'StaffAttendanceType', 'Attendance Types', 'Staff', '{"model":"StaffAttendanceType"}', 7, 1, NULL, NULL, 1, '0000-00-00 00:00:00'),
(8, 'StaffEmploymentType', 'Employment Types', 'Staff', '{"model":"StaffEmploymentType"}', 8, 1, NULL, NULL, 1, '0000-00-00 00:00:00'),
(9, 'RelationshipCategory', 'Relationship Categories', 'Guardian', '{"model":"RelationshipCategory"}', 9, 1, NULL, NULL, 1, '0000-00-00 00:00:00'),
(10, 'ContactType', 'Types', 'Contact', '{"model":"ContactType"}', 10, 1, NULL, NULL, 1, '0000-00-00 00:00:00'),
(11, 'BehaviourCategory', 'Categories', 'Behaviour', '{"model":"BehaviourCategory"}', 11, 1, NULL, NULL, 1, '0000-00-00 00:00:00'),
(12, 'SchoolYear', 'School Years', 'Academic', '{"model":"SchoolYear"}', 12, 1, NULL, NULL, 1, '0000-00-00 00:00:00'),
(13, 'LessonStatus', 'Statuses', 'Lesson', '{"model":"LessonStatus"}', 13, 1, NULL, NULL, 1, '0000-00-00 00:00:00'),
(14, 'Room', 'Rooms', 'Infrastructure', '{"model":"Room"}', 14, 1, NULL, NULL, 1, '0000-00-00 00:00:00'),
(15, 'IdentityType', 'Types', 'Identity', '{"model":"IdentityType"}', 15, 1, NULL, NULL, 1, '0000-00-00 00:00:00'),
(16, 'Country', 'Nationality', 'Country', '{"model":"Country"}', 16, 1, NULL, NULL, 1, '0000-00-00 00:00:00'),
(17, 'FeeType', 'Types', 'Fee', '{"model":"FeeType"}', 17, 1, NULL, NULL, 1, '0000-00-00 00:00:00');


TRUNCATE `field_option_values`;
INSERT INTO `field_option_values` (`id`, `name`, `international_code`, `national_code`, `order`, `visible`, `editable`, `default`, `field_option_id`, `modified_user_id`, `modified`, `created_user_id`, `created`) VALUES
(1, 'Mobile', NULL, NULL, 1, 1, 1, 0, 10, NULL, NULL, 1, '2014-08-14 18:12:38'),
(2, 'Phone', NULL, NULL, 2, 1, 1, 0, 10, NULL, NULL, 1, '2014-08-14 18:12:38'),
(3, 'Fax', NULL, NULL, 3, 1, 1, 0, 10, NULL, NULL, 1, '2014-08-14 18:12:38'),
(4, 'Email', NULL, NULL, 4, 1, 1, 0, 10, NULL, NULL, 1, '2014-08-14 18:12:38'),
(5, 'Other', NULL, NULL, 5, 1, 1, 0, 10, NULL, NULL, 1, '2014-08-14 18:12:38');


TRUNCATE TABLE `assessment_result_types`;
INSERT INTO `assessment_result_types` (`id`, `name`, `min`, `max`, `order`, `visible`, `modified_user_id`, `modified`, `created_user_id`, `created`) VALUES
(1, 'Pass', 50, 100, 1, 1, NULL, NULL, 1, NOW()),
(2, 'Fail', 0, 49, 2, 1, NULL, NULL, 1, NOW());

TRUNCATE TABLE `student_categories`;
INSERT INTO `student_categories` (`id`, `name`, `order`, `visible`, `modified_user_id`, `modified`, `created_user_id`, `created`) VALUES
(1, 'New Enrolment', 1, 1, NULL, NULL, 1, NOW()),
(2, 'Transferred In', 2, 1, NULL, NULL, 1, NOW()),
(3, 'Graduated', 3, 1, NULL, NULL, 1, NOW()),
(4, 'Dropout', 4, 1, NULL, NULL, 1, NOW());

TRUNCATE TABLE `student_statuses`;
INSERT INTO `student_statuses` (`id`, `name`, `order`, `visible`, `modified_user_id`, `modified`, `created_user_id`, `created`) VALUES
(1, 'Current Student', 1, 1, NULL, NULL, 1, NOW());

TRUNCATE TABLE `staff_categories`;
INSERT INTO `staff_categories` (`id`, `name`, `order`, `visible`, `modified_user_id`, `modified`, `created_user_id`, `created`) VALUES
(1, 'Principal', 1, 1, NULL, NULL, 1, NOW()),
(2, 'Head Teacher', 2, 1, NULL, NULL, 1, NOW()),
(3, 'Teacher', 3, 1, NULL, NULL, 1, NOW()),
(4, 'Administrative Officer', 4, 1, NULL, NULL, 1, NOW()),
(5, 'Librarian', 5, 1, NULL, NULL, 1, NOW());

TRUNCATE TABLE `staff_statuses`;
INSERT INTO `staff_statuses` (`id`, `name`, `order`, `visible`, `modified_user_id`, `modified`, `created_user_id`, `created`) VALUES
(1, 'Current', 1, 1, NULL, NULL, 1, NOW()),
(2, 'Transferred', 2, 1, NULL, NULL, 1, NOW()),
(3, 'Resigned', 3, 1, NULL, NULL, 1, NOW()),
(4, 'Terminated', 4, 1, NULL, NULL, 1, NOW());

TRUNCATE TABLE `staff_employment_types`;
INSERT INTO `staff_employment_types` (`id`, `name`, `order`, `visible`, `modified_user_id`, `modified`, `created_user_id`, `created`) VALUES
(1, 'Appointment', 1, 1, NULL, NULL, 1, NOW()),
(2, 'Probation', 2, 1, NULL, NULL, 1, NOW()),
(3, 'Extension', 3, 1, NULL, NULL, 1, NOW()),
(4, 'Increment', 4, 1, NULL, NULL, 1, NOW()),
(5, 'Termination', 5, 1, NULL, NULL, 1, NOW()),
(6, 'Resignation', 6, 1, NULL, NULL, 1, NOW()),
(7, 'Retirement', 7, 1, NULL, NULL, 1, NOW()),
(8, 'Contract End', 8, 1, NULL, NULL, 1, NOW());

TRUNCATE TABLE `relationship_categories`;
INSERT INTO `relationship_categories` (`id`, `name`, `order`, `visible`, `modified_user_id`, `modified`, `created_user_id`, `created`) VALUES
(1, 'Mother', 1, 1, NULL, NULL, 1, NOW()),
(2, 'Father', 2, 1, NULL, NULL, 1, NOW()),
(3, 'Aunt', 3, 1, NULL, NULL, 1, NOW()),
(4, 'Uncle', 4, 1, NULL, NULL, 1, NOW());

TRUNCATE TABLE `lesson_statuses`;
INSERT INTO `lesson_statuses` (`id`, `name`, `order`, `visible`, `modified_user_id`, `modified`, `created_user_id`, `created`) VALUES
(1, 'Active', 1, 1, NULL, NULL, 1, NOW()),
(2, 'Cancelled', 2, 1, NULL, NULL, 1, NOW());

TRUNCATE TABLE `rooms`;
INSERT INTO `rooms` (`id`, `name`, `location`, `order`, `visible`, `modified_user_id`, `modified`, `created_user_id`, `created`) VALUES
(1, 'Classroom 1', 'Block 1', 1, 1, NULL, NULL, 1, NOW()),
(2, 'Classroom 2', 'Block 1', 1, 1, NULL, NULL, 1, NOW());

TRUNCATE TABLE `behaviour_categories`;
INSERT INTO `behaviour_categories` (`id`, `name`, `order`, `visible`, `modified_user_id`, `modified`, `created_user_id`, `created`) VALUES
(1, 'Outstanding', 1, 1, NULL, NULL, 1, NOW()),
(2, 'Good', 2, 1, NULL, NULL, 1, NOW()),
(3, 'Poor', 3, 1, NULL, NULL, 1, NOW());

TRUNCATE TABLE `school_years`;
INSERT INTO `school_years` (`id`, `name`, `start_date`, `start_year`, `end_date`, `end_year`, `school_days`, `visible`, `modified_user_id`, `modified`, `created_user_id`, `created`) VALUES
(1, '2014', '2014-01-01', 2014, '2014-12-31', 2014, 240, 1, NULL, NULL, 1, NOW());

TRUNCATE `identity_types`;
INSERT INTO `identity_types` (`id`, `name`, `order`, `visible`, `international_code`, `national_code`, `modified_user_id`, `modified`, `created_user_id`, `created`) VALUES
(1, 'National', 1, 1, NULL, NULL, NULL, NULL, 1, '0000-00-00 00:00:00'),
(2, 'School', 2, 1, NULL, NULL, NULL, NULL, 1, '0000-00-00 00:00:00'),
(3, 'UNHCR', 3, 1, NULL, NULL, NULL, NULL, 1, '0000-00-00 00:00:00'),
(4, 'Passport', 4, 1, NULL, NULL, NULL, NULL, 1, '0000-00-00 00:00:00');

TRUNCATE `staff_attendance_types`;
INSERT INTO `staff_attendance_types` (`id`, `name`, `short_form`, `order`, `visible`, `modified_user_id`, `modified`, `created_user_id`, `created`) VALUES
(1, 'Attendance type 1', 'AT1', 1, 1, 1, '2014-01-03 16:08:16', 1, '2014-01-03 16:08:08'),
(2, 'Sick', 'SK', 2, 1, NULL, NULL, 1, '2014-06-13 21:39:30'),
(3, 'Work travel', 'WT', 0, 1, NULL, NULL, 1, '2014-09-25 21:18:03');

TRUNCATE `student_attendance_types`;
INSERT INTO `student_attendance_types` (`id`, `name`, `short_form`, `order`, `visible`, `modified_user_id`, `modified`, `created_user_id`, `created`) VALUES
(1, 'Late', 'L', 3, 1, NULL, NULL, 1, '2014-04-02 14:54:25'),
(2, 'Absent with excuse', 'ABE', 4, 1, NULL, NULL, 1, '2014-04-02 14:55:07'),
(3, 'Present', '', 1, 1, NULL, NULL, 1, '2014-04-03 11:31:34'),
(4, 'Absent', '', 2, 1, NULL, NULL, 1, '2014-04-03 11:32:18');

TRUNCATE `translations`;
INSERT INTO `translations` (`id`, `code`, `eng`, `ara`, `chi`, `spa`, `fre`, `rus`, `modified_user_id`, `modified`, `created_user_id`, `created`) VALUES
(1, NULL, 'File size should not be larger than 2MB.', '        2  ', '2', 'El tamao del archivo no debe ser mayor que 2 megabytes', 'La taille du fichier ne doit pas tre suprieure  2 mga-octets', '     2 ', 1, '2014-08-12 07:40:36', 1, '2014-08-08 11:26:37'),
(2, NULL, 'Academic', '', '', 'acadmico', 'acadmique', '', 1, '2014-08-12 07:40:36', 1, '2014-08-08 11:26:37'),
(3, NULL, 'Academic Details', ' ', '', 'Datos Acadmicos', 'Dtails universitaires', ' ', 1, '2014-08-12 07:40:36', 1, '2014-08-08 11:26:37'),
(4, NULL, 'Action', '', '', 'accin', 'action', '', 1, '2014-08-12 07:40:36', 1, '2014-08-08 11:26:37'),
(5, NULL, 'Active', '', '', 'activo', 'actif', '', 1, '2014-08-12 07:40:36', 1, '2014-08-08 11:26:37'),
(6, NULL, 'Add', '', '', 'aadir', 'ajouter', '', 1, '2014-08-12 07:40:36', 1, '2014-08-08 11:26:37'),
(7, NULL, 'Add New Entry', '  ', '', 'Aadir nuevo ingreso', 'Ajouter une nouvelle entre', '  ', 1, '2014-08-12 07:40:36', 1, '2014-08-08 11:26:37'),
(8, NULL, 'Address', '', '', 'direccin', 'adresse', '', 1, '2014-08-12 07:40:36', 1, '2014-08-08 11:26:37'),
(9, NULL, 'All Years', ' ', '', 'Todos los aos', 'toutes les annes', 'All Years', 1, '2014-08-12 07:40:36', 1, '2014-08-08 11:26:37'),
(10, NULL, 'April', '', '', 'abril', 'avril', '', 1, '2014-08-12 07:40:36', 1, '2014-08-08 11:26:37'),
(11, NULL, 'Attachment', '', '', 'accesorio', 'fixation', '', 1, '2014-08-12 07:40:36', 1, '2014-08-08 11:26:37'),
(12, NULL, 'Attachments', '', '', 'Adjuntos', 'Annexes', '', 1, '2014-08-12 07:40:36', 1, '2014-08-08 11:26:37'),
(13, NULL, 'Attendance', '', '', 'asistencia', 'prsence', '', 1, '2014-08-12 07:40:36', 1, '2014-08-08 11:26:37'),
(14, NULL, 'Attendance by Day', ' ', '', 'Asistencia de Da', 'Participation par jour', '  ', 1, '2014-08-12 07:40:36', 1, '2014-08-08 11:26:37'),
(15, NULL, 'Attendance by Lesson', ' ', '', 'La asistencia de la leccin', 'Participation de la leon', ' ', 1, '2014-08-12 07:40:36', 1, '2014-08-08 11:26:37'),
(16, NULL, 'August', '', '', 'agosto', 'aot', '', 1, '2014-08-12 07:40:36', 1, '2014-08-08 11:26:37'),
(17, NULL, 'Back', '', '', 'espalda', 'arrire', '', 1, '2014-08-12 07:40:36', 1, '2014-08-08 11:26:37'),
(18, NULL, 'Behaviour', '', '', 'Comportamiento', 'Comportement', '', 1, '2014-08-12 07:40:36', 1, '2014-08-08 11:26:37'),
(19, NULL, 'Behaviour Category', ' ', '', 'Comportamiento Categora', 'Comportement Catgorie', ' ', 1, '2014-08-12 07:40:36', 1, '2014-08-08 11:26:37'),
(20, NULL, 'Cancel', '', '', 'cancelar', 'annuler', '', 1, '2014-08-12 07:40:36', 1, '2014-08-08 11:26:37'),
(21, NULL, 'Categories', '', '', 'Categoras', 'catgories', '', 1, '2014-08-12 07:40:36', 1, '2014-08-08 11:26:37'),
(22, NULL, 'Category', '', '', 'categora', 'catgorie', '', 1, '2014-08-12 07:40:36', 1, '2014-08-08 11:26:37'),
(23, NULL, 'Change', '', '', 'cambio', 'changement', '', 1, '2014-08-12 07:40:36', 1, '2014-08-08 11:26:37'),
(24, NULL, 'Change Password', '  ', '', 'Cambiar contrasea', 'changer mot de passe', ' ', 1, '2014-08-12 07:40:36', 1, '2014-08-08 11:26:37'),
(25, NULL, 'Chinese', '', '', 'chino', 'chinois', '', 1, '2014-08-12 07:40:36', 1, '2014-08-08 11:26:37'),
(26, NULL, 'Classes', '', '', 'Clases', 'cours', '', 1, '2014-08-12 07:40:36', 1, '2014-08-08 11:26:37'),
(27, NULL, 'Close', '', '', 'cerca', 'proche', '', 1, '2014-08-12 07:40:36', 1, '2014-08-08 11:26:37'),
(28, NULL, 'Code', '', '', 'cdigo', 'code', '', 1, '2014-08-12 07:40:36', 1, '2014-08-08 11:26:37'),
(29, NULL, 'Comment', '', '', 'comentario', 'commentaire', '', 1, '2014-08-12 07:40:36', 1, '2014-08-08 11:26:37'),
(30, NULL, 'Contact', '', '', 'contacto', 'Contacter', '', 1, '2014-08-12 07:40:36', 1, '2014-08-08 11:26:37'),
(31, NULL, 'Contact Person', ' ', '', 'persona de Contacto', 'personne  contacter', ' ', 1, '2014-08-12 07:40:36', 1, '2014-08-08 11:26:37'),
(32, NULL, 'Created By', ' ', '', 'Creado por', 'Cre par', '', 1, '2014-08-12 07:40:36', 1, '2014-08-08 11:26:37'),
(33, NULL, 'Created On', ' ', '', 'Creado el', 'cr le', ' ', 1, '2014-08-12 07:40:36', 1, '2014-08-08 11:26:37'),
(34, NULL, 'Date', '', '', 'fecha', 'date', '', 1, '2014-08-12 07:40:36', 1, '2014-08-08 11:26:37'),
(35, NULL, 'Date Closed', ' ', '', 'Fecha Cerrada', 'Date de fermeture', ' ', 1, '2014-08-12 07:40:36', 1, '2014-08-08 11:26:37'),
(36, NULL, 'Date Of Behaviour', ' ', '', 'Fecha del Comportamiento', 'Date de comportement', ' ', 1, '2014-08-12 07:40:36', 1, '2014-08-08 11:26:37'),
(37, NULL, 'Date Opened', ' ', '', 'Fecha de Apertura', 'Date d''ouverture', ' ', 1, '2014-08-12 07:40:36', 1, '2014-08-08 11:26:37'),
(38, NULL, 'Date Uploaded', ' ', '', 'Fecha de Subida', 'Date d''envoi', ' ', 1, '2014-08-12 07:40:36', 1, '2014-08-08 11:26:37'),
(39, NULL, 'Day', '', '', 'da', 'jour', '', 1, '2014-08-12 07:40:36', 1, '2014-08-08 11:26:37'),
(40, NULL, 'December', '', '', 'diciembre', 'dcembre', '', 1, '2014-08-12 07:40:36', 1, '2014-08-08 11:26:37'),
(41, NULL, 'Delete', '', '', 'borrar', 'effacer', '', 1, '2014-08-12 07:40:36', 1, '2014-08-08 11:26:37'),
(42, NULL, 'You are able to delete this record in the database. All related information of this record will also be deleted. Are you sure you want to do this?', '        .          .        ', '', 'Usted es capaz de eliminar este registro en la base de datos. Toda la informacin relacionada de este registro tambin sern eliminados. Ests seguro de que quieres hacer esto?', 'Vous tes en mesure de supprimer cet enregistrement dans la base de donnes. Toutes les informations relatives de ce dossier seront galement supprims. Etes-vous sr de vouloir faire cela?', '       .  ,       .  ,    ?', 1, '2014-08-12 07:40:36', 1, '2014-08-08 11:26:37'),
(43, NULL, 'Details', '', '', 'Detalles', 'dtails', '', 1, '2014-08-12 07:40:36', 1, '2014-08-08 11:26:37'),
(44, NULL, 'Description', '', '', 'descripcin', 'description', '', 1, '2014-08-12 07:40:36', 1, '2014-08-08 11:26:37'),
(45, NULL, 'Duration', '', '', 'duracin', 'dure', '', 1, '2014-08-12 07:40:36', 1, '2014-08-08 11:26:37'),
(46, NULL, 'Edit', '', '', 'editar', 'Modifier', '', 1, '2014-08-12 07:40:36', 1, '2014-08-08 11:26:37'),
(47, NULL, 'Email', ' ', '', 'Email', 'email', ' ', 1, '2014-08-12 07:40:36', 1, '2014-08-08 11:26:37'),
(48, NULL, 'End Date', ' ', '', 'Fecha de finalizacin', 'date de fin', ' ', 1, '2014-08-12 07:40:36', 1, '2014-08-08 11:26:37'),
(49, NULL, 'End Time', ' ', '', 'Hora de finalizacin', 'Heure de fin', ' ', 1, '2014-08-12 07:40:36', 1, '2014-08-08 11:26:37'),
(50, NULL, 'English', '', '', 'Ingls', 'Anglais', '', 1, '2014-08-12 07:40:36', 1, '2014-08-08 11:26:37'),
(51, NULL, 'Fax', '', '', 'fax', 'fax', '', 1, '2014-08-12 07:40:36', 1, '2014-08-08 11:26:37'),
(52, NULL, 'February', '', '', 'febrero', 'fvrier', '', 1, '2014-08-12 07:40:36', 1, '2014-08-08 11:26:37'),
(53, NULL, 'Female', '', '', 'femenino', 'femelle', '', 1, '2014-08-12 07:40:36', 1, '2014-08-08 11:26:37'),
(54, NULL, 'File', '', '', 'expediente', 'dossier', '', 1, '2014-08-12 07:40:36', 1, '2014-08-08 11:26:37'),
(55, NULL, 'File Name', ' ', '', 'Nombre del archivo', 'Nom du fichier', ' ', 1, '2014-08-12 07:40:36', 1, '2014-08-08 11:26:37'),
(56, NULL, 'File Type', ' ', '', 'Tipo de Archivo', 'Type de fichier', ' ', 1, '2014-08-12 07:40:36', 1, '2014-08-08 11:26:37'),
(57, NULL, 'First Name', ' ', '', 'Nombre', 'Prnom', '', 1, '2014-08-12 07:40:36', 1, '2014-08-08 11:26:37'),
(58, NULL, 'Fri', '', '', 'vie', 'vendredi', '', 1, '2014-08-12 07:40:36', 1, '2014-08-08 11:26:37'),
(59, NULL, 'Friday', '', '', 'viernes', 'vendredi', '', 1, '2014-08-12 07:40:36', 1, '2014-08-08 11:26:37'),
(60, NULL, 'Gender', ' ', '', 'desconocido', 'inconnu', '', 1, '2014-08-12 07:40:36', 1, '2014-08-08 11:26:37'),
(61, NULL, 'General', '', '', 'general', 'gnral', '', 1, '2014-08-12 07:40:36', 1, '2014-08-08 11:26:37'),
(62, NULL, 'Grade', '', '', 'grado', 'grade', '', 1, '2014-08-12 07:40:36', 1, '2014-08-08 11:26:37'),
(63, NULL, 'Grades', '', '', 'grados', 'grades', '', 1, '2014-08-12 07:40:36', 1, '2014-08-08 11:26:37'),
(64, NULL, 'Grading', '', '', 'clasificacin', 'Condition', '', 1, '2014-08-12 07:40:36', 1, '2014-08-08 11:26:37'),
(65, NULL, 'Guardian', '', '', 'tutor', 'tuteur', '', 1, '2014-08-12 07:40:36', 1, '2014-08-08 11:26:37'),
(66, NULL, 'Guardians', '', '', 'Guardianes', 'gardiens', '', 1, '2014-08-12 07:40:36', 1, '2014-08-08 11:26:37'),
(67, NULL, 'Identification', '', '', 'identificacin', 'identification', '', 1, '2014-08-12 07:40:36', 1, '2014-08-08 11:26:37'),
(68, NULL, 'Identification No', ' ', '', 'No de identificacin', 'N  d''identification', ' ', 1, '2014-08-12 07:40:36', 1, '2014-08-08 11:26:37'),
(69, NULL, 'Identification No or Name is not found', '       ', '', 'No de identificacin o nombre no se encuentra', 'N  d''identification ou le nom n''est pas trouv', '     ', 1, '2014-08-12 07:40:36', 1, '2014-08-08 11:26:37'),
(70, NULL, 'Identification No, First Name or Last Name', '      ', '', 'No de identificacin, Nombre o Apellido', 'N  d''identification, le prnom ou le nom', ' ,   ', 1, '2014-08-12 07:40:36', 1, '2014-08-08 11:26:37'),
(71, NULL, 'Identification No or Name', '   ', '', 'No de identificacin o nombre', 'N  d''identification ou nom', '   ', 1, '2014-08-12 07:40:36', 1, '2014-08-08 11:26:37'),
(72, NULL, 'Inactive', ' ', '', 'inactivo', 'inactif', '', 1, '2014-08-12 07:40:36', 1, '2014-08-08 11:26:37'),
(73, NULL, 'Infrastructure', ' ', '', 'infraestructura', 'infrastructure', '', 1, '2014-08-12 07:40:36', 1, '2014-08-08 11:26:37'),
(74, NULL, 'January', '', '', 'enero', 'janvier', '', 1, '2014-08-12 07:40:36', 1, '2014-08-08 11:26:37'),
(75, NULL, 'July', '', '', 'julio', 'juillet', '', 1, '2014-08-12 07:40:36', 1, '2014-08-08 11:26:37'),
(76, NULL, 'June', '', '', 'junio', 'juin', '', 1, '2014-08-12 07:40:36', 1, '2014-08-08 11:26:37'),
(77, NULL, 'Last Modified By', '   ', '', 'ltima modificacin realizada por', 'Dernire modification par', ' ', 1, '2014-08-12 07:40:36', 1, '2014-08-08 11:26:37'),
(78, NULL, 'Last Modified On', '  ', '', 'Ultima modificacion el', 'Dernire modification de', ' ', 1, '2014-08-12 07:40:36', 1, '2014-08-08 11:26:37'),
(79, NULL, 'Last Name', ' ', '', 'apellido', 'Nom', '', 1, '2014-08-12 07:40:36', 1, '2014-08-08 11:26:37'),
(80, NULL, 'Location', '', '', 'ubicacin', 'emplacement', '', 1, '2014-08-12 07:40:36', 1, '2014-08-08 11:26:37'),
(81, NULL, 'Logout', ' ', '', 'Salir', 'Dconnexion', '', 1, '2014-08-12 07:40:36', 1, '2014-08-08 11:26:37'),
(82, NULL, 'Malay', ' ', '', 'malayo', 'malais', '', 1, '2014-08-12 07:40:36', 1, '2014-08-08 11:26:37'),
(83, NULL, 'Male', '', '', 'masculino', 'mle', '', 1, '2014-08-12 07:40:36', 1, '2014-08-08 11:26:37'),
(84, NULL, 'March', '', '', 'marzo', 'mars', '', 1, '2014-08-12 07:40:36', 1, '2014-08-08 11:26:37'),
(85, NULL, 'Marks', '', '', 'Marcas', 'marques', '', 1, '2014-08-12 07:40:36', 1, '2014-08-08 11:26:37'),
(86, NULL, 'Maths', '', '', 'matemticas', 'math', '', 1, '2014-08-12 07:40:36', 1, '2014-08-08 11:26:37'),
(87, NULL, 'Max', '', '', 'Max', 'max', '', 1, '2014-08-12 07:40:36', 1, '2014-08-08 11:26:37'),
(88, NULL, 'Maximum', '', '', 'mximo', 'maximum', '', 1, '2014-08-12 07:40:36', 1, '2014-08-08 11:26:37'),
(89, NULL, 'May', '', '', 'mayo', 'mai', '', 1, '2014-08-12 07:40:36', 1, '2014-08-08 11:26:37'),
(90, NULL, 'Min', '', '', 'en', 'sur', '', 1, '2014-08-12 07:40:36', 1, '2014-08-08 11:26:37'),
(91, NULL, 'Minimum', ' ', '', 'mnimo', 'minimum', '', 1, '2014-08-12 07:40:36', 1, '2014-08-08 11:26:37'),
(92, NULL, 'Modified By', '  ', '', 'Modificado por', 'modifi par', '', 1, '2014-08-12 07:40:36', 1, '2014-08-08 11:26:37'),
(93, NULL, 'Modified On', ' ', '', 'Modificado el', 'modifi le', '', 1, '2014-08-12 07:40:36', 1, '2014-08-08 11:26:37'),
(94, NULL, 'Mon', '', '', 'mi', 'Mon', '', 1, '2014-08-12 07:40:36', 1, '2014-08-08 11:26:37'),
(95, NULL, 'Monday', ' ', '', 'lunes', 'lundi', '', 1, '2014-08-12 07:40:36', 1, '2014-08-08 11:26:37'),
(96, NULL, 'Month', '', '', 'mes', 'mois', '', 1, '2014-08-12 07:40:36', 1, '2014-08-08 11:26:37'),
(97, NULL, 'My Account', '', '', 'Mi Cuenta', 'mon compte', ' ', 1, '2014-08-12 07:40:36', 1, '2014-08-08 11:26:37'),
(98, NULL, 'Name', '', '', 'nombre', 'nom', '', 1, '2014-08-12 07:40:36', 1, '2014-08-08 11:26:37'),
(99, NULL, 'New', '', '', 'nuevo', 'nouveau', '', 1, '2014-08-12 07:40:36', 1, '2014-08-08 11:26:37'),
(100, NULL, 'No', '', '', 'No', 'pas', '', 1, '2014-08-12 07:40:36', 1, '2014-08-08 11:26:37'),
(101, NULL, 'No Option', ' ', '', 'Sin opcin', 'aucune option', ' ', 1, '2014-08-12 07:40:36', 1, '2014-08-08 11:26:37'),
(102, NULL, 'not specified', ' ', '', 'no especificado', 'non spcifi', ' ', 1, '2014-08-12 07:40:36', 1, '2014-08-08 11:26:37'),
(103, NULL, 'November', '', '', 'noviembre', 'novembre', '', 1, '2014-08-12 07:40:36', 1, '2014-08-08 11:26:37'),
(104, NULL, 'October', '', '', 'octubre', 'octobre', '', 1, '2014-08-12 07:40:36', 1, '2014-08-08 11:26:37'),
(105, NULL, 'Option', '', '', 'opcin', 'option', '', 1, '2014-08-12 07:40:36', 1, '2014-08-08 11:26:37'),
(106, NULL, 'Option Not Found', '  ', '', 'Opcin no encontrado', 'Option Introuvable', '  ', 1, '2014-08-12 07:40:36', 1, '2014-08-08 11:26:37'),
(107, NULL, 'Order', '', '', 'orden', 'ordre', '', 1, '2014-08-12 07:40:36', 1, '2014-08-08 11:26:37'),
(108, NULL, 'Password', ' ', '', 'contrasea', 'mot de passe', '', 1, '2014-08-12 07:40:36', 1, '2014-08-08 11:26:37'),
(109, NULL, 'Period', '', '', 'perodo', 'priode', '', 1, '2014-08-12 07:40:36', 1, '2014-08-08 11:26:37'),
(110, NULL, 'Physics', '', '', 'fsica', 'physique', '', 1, '2014-08-12 07:40:36', 1, '2014-08-08 11:26:37'),
(111, NULL, 'Postal Code', ' ', '', 'Cdigo Postal', 'code postal', ' ', 1, '2014-08-12 07:40:36', 1, '2014-08-08 11:26:37'),
(112, NULL, 'Print', '', '', 'impresin', 'Imprimer', '', 1, '2014-08-12 07:40:36', 1, '2014-08-08 11:26:37'),
(113, NULL, 'Profile Image', ' ', '', 'Imagen del perfil', 'image de profil', ' ', 1, '2014-08-12 07:40:36', 1, '2014-08-08 11:26:37'),
(114, NULL, 'Programme', '', '', 'programa', '', '', 1, '2014-08-12 07:40:36', 1, '2014-08-08 11:26:37'),
(115, NULL, 'Programmes', '', '', 'Programas', '', '', 1, '2014-08-12 07:40:36', 1, '2014-08-08 11:26:37'),
(116, NULL, 'Relationship', '', '', 'relacin', 'relations', '', 1, '2014-08-12 07:40:36', 1, '2014-08-08 11:26:37'),
(117, NULL, 'Relationship Categories', ' ', '', 'Relacin Categoras', 'relation Catgories', ' ', 1, '2014-08-12 07:40:36', 1, '2014-08-08 11:26:37'),
(118, NULL, 'Relationship Category', ' ', '', 'Relacin Categora', 'relation Catgorie', ' ', 1, '2014-08-12 07:40:36', 1, '2014-08-08 11:26:37'),
(119, NULL, 'Remark', '', '', 'observacin', 'remarque', '', 1, '2014-08-12 07:40:36', 1, '2014-08-08 11:26:37'),
(120, NULL, 'Remarks', '', '', 'observaciones', 'remarques', '', 1, '2014-08-12 07:40:36', 1, '2014-08-08 11:26:37'),
(121, NULL, 'Remove', '', '', 'eliminar', 'supprimer', '', 1, '2014-08-12 07:40:36', 1, '2014-08-08 11:26:37'),
(122, NULL, 'Reorder', ' ', '', 'Reordenar', 'rorganiser', ' ', 1, '2014-08-12 07:40:36', 1, '2014-08-08 11:26:37'),
(123, NULL, 'Result', '', '', 'resultado', 'rsultat', '', 1, '2014-08-12 07:40:36', 1, '2014-08-08 11:26:37'),
(124, NULL, 'Results', '', '', 'Resultados', 'rsultats', '', 1, '2014-08-12 07:40:36', 1, '2014-08-08 11:26:37'),
(125, NULL, 'Sat', '', '', 'sb', 'Sam', '', 1, '2014-08-12 07:40:36', 1, '2014-08-08 11:26:37'),
(126, NULL, 'Saturday', '', '', 'sbado', 'samedi', '', 1, '2014-08-12 07:40:36', 1, '2014-08-08 11:26:37'),
(127, NULL, 'Save', '', '', 'guardar', 'sauver', '', 1, '2014-08-12 07:40:36', 1, '2014-08-08 11:26:37'),
(128, NULL, 'Save as PDF', '  PDF', 'PDF', 'Guardar como PDF', 'Enregistrer au format PDF', '  PDF', 1, '2014-08-12 07:40:36', 1, '2014-08-08 11:26:37'),
(129, NULL, 'School Days', ' ', '', 'Das de escuela', 'Jours d''cole', ' ', 1, '2014-08-12 07:40:36', 1, '2014-08-08 11:26:37'),
(130, NULL, 'Search', '', '', 'bsqueda', 'recherche', '', 1, '2014-08-12 07:40:36', 1, '2014-08-08 11:26:37'),
(131, NULL, 'Search Results', ' ', '', 'Resultados de la bsqueda', 'Rsultats de la recherche', ' ', 1, '2014-08-12 07:40:36', 1, '2014-08-08 11:26:37'),
(132, NULL, 'Select', '', '', 'seleccionar', 'slectionner', '', 1, '2014-08-12 07:40:36', 1, '2014-08-08 11:26:37'),
(133, NULL, 'Select File', ' ', '', 'Seleccione Archivo', 'Slectionnez Fichier', ' ', 1, '2014-08-12 07:40:36', 1, '2014-08-08 11:26:37'),
(134, NULL, 'September', '', '', 'septiembre', 'septembre', '', 1, '2014-08-12 07:40:36', 1, '2014-08-08 11:26:37'),
(135, NULL, 'Short Form', ' ', '', 'Short Form', 'Forme Courte', ' ', 1, '2014-08-12 07:40:36', 1, '2014-08-08 11:26:37'),
(136, NULL, 'Start Date', ' ', '', 'Fecha de inicio', 'date de dbut', ' ', 1, '2014-08-12 07:40:36', 1, '2014-08-08 11:26:37'),
(137, NULL, 'Start Time', ' ', '', 'Hora de inicio', 'Heure de dbut', ' ', 1, '2014-08-12 07:40:36', 1, '2014-08-08 11:26:37'),
(138, NULL, 'Status', '', '', 'estado', 'statut', '', 1, '2014-08-12 07:40:36', 1, '2014-08-08 11:26:37'),
(139, NULL, 'Subject', '', '', 'sujeto', 'sujet', '', 1, '2014-08-12 07:40:36', 1, '2014-08-08 11:26:37'),
(140, NULL, 'Subjects', '', '', 'sujetos', 'sujets', '', 1, '2014-08-12 07:40:36', 1, '2014-08-08 11:26:37'),
(141, NULL, 'Sun', '', '', 'sol', 'Soleil', '', 1, '2014-08-12 07:40:36', 1, '2014-08-08 11:26:37'),
(142, NULL, 'Sunday', '', '', 'domingo', 'dimanche', '', 1, '2014-08-12 07:40:36', 1, '2014-08-08 11:26:37'),
(143, NULL, 'Teacher', '', '', 'profesor', 'professeur', '', 1, '2014-08-12 07:40:36', 1, '2014-08-08 11:26:37'),
(144, NULL, 'Teachers', '', '', 'profesores', 'enseignants', '', 1, '2014-08-12 07:40:36', 1, '2014-08-08 11:26:37'),
(145, NULL, 'Telephone', '', '', 'telfono', 'tlphone', '', 1, '2014-08-12 07:40:36', 1, '2014-08-08 11:26:37'),
(146, NULL, 'Thur', '', '', 'jue', 'jeu.', '', 1, '2014-08-12 07:40:36', 1, '2014-08-08 11:26:37'),
(147, NULL, 'Thursday', '', '', 'jueves', 'jeudi', '', 1, '2014-08-12 07:40:36', 1, '2014-08-08 11:26:37'),
(148, NULL, 'Time', '', '', 'tiempo', 'temps', '', 1, '2014-08-12 07:40:36', 1, '2014-08-08 11:26:37'),
(149, NULL, 'Time Of Behaviour', ' ', '', 'Tiempo de Comportamiento', 'Temps de comportement', ' ', 1, '2014-08-12 07:40:36', 1, '2014-08-08 11:26:37'),
(150, NULL, 'Timetable', ' ', '', 'calendario', 'calendrier', '', 1, '2014-08-12 07:40:36', 1, '2014-08-08 11:26:37'),
(151, NULL, 'Title', '', '', 'ttulo', 'titre', '', 1, '2014-08-12 07:40:36', 1, '2014-08-08 11:26:37'),
(152, NULL, 'Today', '', '', 'hoy', 'aujourd''hui', '', 1, '2014-08-12 07:40:36', 1, '2014-08-08 11:26:37'),
(153, NULL, 'Tue', '', '', 'mar', 'Mar', '', 1, '2014-08-12 07:40:36', 1, '2014-08-08 11:26:37'),
(154, NULL, 'Tuesday', '', '', 'martes', 'mardi', '', 1, '2014-08-12 07:40:36', 1, '2014-08-08 11:26:37'),
(155, NULL, 'Type', '', '', 'tipo', 'type', '', 1, '2014-08-12 07:40:36', 1, '2014-08-08 11:26:37'),
(156, NULL, 'Types', '', '', 'Tipos', 'types', '', 1, '2014-08-12 07:40:36', 1, '2014-08-08 11:26:37'),
(157, NULL, 'Username', ' ', '', 'Nombre de usuario', 'Nom d''utilisateur', ' ', 1, '2014-08-12 07:40:36', 1, '2014-08-08 11:26:37'),
(158, NULL, 'Value', '', '', 'valor', 'valeur', '', 1, '2014-08-12 07:40:36', 1, '2014-08-08 11:26:37'),
(159, NULL, 'View', '', '', 'vista', 'Voir', '', 1, '2014-08-12 07:40:36', 1, '2014-08-08 11:26:37'),
(160, NULL, 'Wed', '', '', 'casarse', 'Mer', '', 1, '2014-08-12 07:40:36', 1, '2014-08-08 11:26:37'),
(161, NULL, 'Wednesday', '', '', 'mircoles', 'mercredi', '', 1, '2014-08-12 07:40:36', 1, '2014-08-08 11:26:37'),
(162, NULL, 'Year', '', '', 'ao', 'anne', '', 1, '2014-08-12 07:40:36', 1, '2014-08-08 11:26:37'),
(163, NULL, 'Years', '', '', 'aos', 'ans', '', 1, '2014-08-12 07:40:36', 1, '2014-08-08 11:26:37'),
(164, NULL, 'Add Event', ' ', '', 'Aadir Evento', 'Ajouter un vnement', ' ', 1, '2014-08-12 07:40:36', 1, '2014-08-08 11:26:37'),
(165, NULL, 'Class Event', ' ', '', 'clase de evento', 'classe d''vnements', ' ', 1, '2014-08-12 07:40:36', 1, '2014-08-08 11:26:37'),
(166, NULL, 'List of Events', ' ', '', 'Listado de eventos', 'Liste des vnements', ' ', 1, '2014-08-12 07:40:36', 1, '2014-08-08 11:26:37'),
(167, NULL, 'School Event', ' ', '', 'Evento Escolar', 'L''vnement de l''cole', ' ', 1, '2014-08-12 07:40:36', 1, '2014-08-08 11:26:37'),
(168, NULL, 'Event', '', '', 'evento', 'vnement', '', 1, '2014-08-12 07:40:36', 1, '2014-08-08 11:26:37'),
(169, NULL, 'Events', '', '', 'Eventos', 'vnements', '', 1, '2014-08-12 07:40:36', 1, '2014-08-08 11:26:37'),
(170, NULL, 'Add Student', ' ', '', 'Aadir alumno', 'Ajouter aux tudiants', ' ', 1, '2014-08-12 07:40:36', 1, '2014-08-08 11:26:37'),
(171, NULL, 'Add Academic Progress', '  ', '', 'Aadir Progreso Acadmico', 'Ajouter progrs acadmique', ' ', 1, '2014-08-12 07:40:36', 1, '2014-08-08 11:26:37'),
(172, NULL, 'Academic Progress', ' ', '', 'Progreso Acadmico', 'Les progrs acadmique', ' ', 1, '2014-08-12 07:40:36', 1, '2014-08-08 11:26:37'),
(173, NULL, 'All Students', ' ', '', 'Todos los Estudiantes', 'tous les tudiants', ' ', 1, '2014-08-12 07:40:36', 1, '2014-08-08 11:26:37'),
(174, NULL, 'Alumni', '', '', 'Alumni', 'Anciens', '', 1, '2014-08-12 07:40:36', 1, '2014-08-08 11:26:37'),
(175, NULL, 'Assessment Result', ' ', '', 'Evaluacin de resultados', 'Rsultat de l''valuation', ' ', 1, '2014-08-12 07:40:36', 1, '2014-08-08 11:26:37'),
(176, NULL, 'Current Student', ' ', '', 'estudiante actual', 'tudiant actuel', ' ', 1, '2014-08-12 07:40:36', 1, '2014-08-08 11:26:37'),
(177, NULL, 'Day Attendance', ' ', '', 'Asistencia Day', 'Frquentation Jour', ' ', 1, '2014-08-12 07:40:36', 1, '2014-08-08 11:26:37'),
(178, NULL, 'Drop Out', '', '', 'abandonar', 'tomber', '', 1, '2014-08-12 07:40:36', 1, '2014-08-08 11:26:37'),
(179, NULL, 'Graduate', '', '', 'graduado', 'diplm', '', 1, '2014-08-12 07:40:36', 1, '2014-08-08 11:26:37'),
(180, NULL, 'Last Login', '  ', '', 'ltimo ingreso', 'dernire connexion', ' ', 1, '2014-08-12 07:40:36', 1, '2014-08-08 11:26:37'),
(181, NULL, 'Lesson Attendance', ' ', '', 'Asistencia Leccin', 'leon de prsence', ' ', 1, '2014-08-12 07:40:36', 1, '2014-08-08 11:26:37'),
(182, NULL, 'Student No', ' ', '', 'Nmero de Estudiantes', 'Numro d''tudiant', ' ', 1, '2014-08-12 07:40:36', 1, '2014-08-08 11:26:37'),
(183, NULL, 'Pass Student', ' ', '', 'Pase Estudiantil', 'Passez tudiants', 'Pass ', 1, '2014-08-12 07:40:36', 1, '2014-08-08 11:26:37'),
(184, NULL, 'Progress Date', ' ', '', 'Progreso Fecha', 'date de progrs', ' ', 1, '2014-08-12 07:40:36', 1, '2014-08-08 11:26:37'),
(185, NULL, 'Result Details', ' ', '', 'Detalles de Resultados', 'Dtails de rsultat', ' ', 1, '2014-08-12 07:40:36', 1, '2014-08-08 11:26:37'),
(186, NULL, 'Student', '', '', 'estudiante', 'tudiant', '', 1, '2014-08-12 07:40:36', 1, '2014-08-08 11:26:37'),
(187, NULL, 'Student State', ' ', '', 'Estatal del Estudiante', 'Etat de l''tudiant', ' ', 1, '2014-08-12 07:40:36', 1, '2014-08-08 11:26:37'),
(188, NULL, 'Student Status', ' ', '', 'Situacin del Estudiante', 'Statut d''tudiant', ' ', 1, '2014-08-12 07:40:36', 1, '2014-08-08 11:26:37'),
(189, NULL, 'Students', '', '', 'estudiantes', 'tudiants', '', 1, '2014-08-12 07:40:36', 1, '2014-08-08 11:26:37'),
(190, NULL, 'Add Staff', ' ', '', 'Aadir Staff', 'Ajouter personnel', ' ', 1, '2014-08-12 07:40:36', 1, '2014-08-08 11:26:37'),
(191, NULL, 'All Staff', ' ', '', 'Todo el Personal', 'tout le personnel', ' ', 1, '2014-08-12 07:40:36', 1, '2014-08-08 11:26:37'),
(192, NULL, 'Staff Category', ' ', '', 'Categora de personal', 'Catgorie de personnel', ' ', 1, '2014-08-12 07:40:36', 1, '2014-08-08 11:26:37'),
(193, NULL, 'Employment', '', '', 'empleo', 'emploi', '', 1, '2014-08-12 07:40:36', 1, '2014-08-08 11:26:37'),
(194, NULL, 'Non Teaching', ' ', '', 'no docente', 'non enseignant', ' ', 1, '2014-08-12 07:40:36', 1, '2014-08-08 11:26:37'),
(195, NULL, 'My Profile', ' ', '', 'mi perfil', 'mon profil', ' ', 1, '2014-08-12 07:40:36', 1, '2014-08-08 11:26:37'),
(196, NULL, 'Staff No', ' ', '', 'Nmero de Personal', 'Nombre de personnel', ' ', 1, '2014-08-12 07:40:36', 1, '2014-08-08 11:26:37'),
(197, NULL, 'Staff Status', ' ', '', 'Personal Estado', 'Statut du personnel', ' ', 1, '2014-08-12 07:40:36', 1, '2014-08-08 11:26:37'),
(198, NULL, 'Teaching', '', '', 'enseanza', 'enseignement', '', 1, '2014-08-12 07:40:36', 1, '2014-08-08 11:26:37'),
(199, NULL, 'Staff', '', '', 'personal', 'personnel', '', 1, '2014-08-12 07:40:36', 1, '2014-08-08 11:26:37'),
(200, NULL, 'Add Guardian', ' ', '', 'Aadir Guardin', 'Ajouter Gardien', ' ', 1, '2014-08-12 07:40:36', 1, '2014-08-08 11:26:37'),
(201, NULL, 'Search Guardians', ' ', '', 'Buscar Guardianes', 'Recherche Gardiens', ' ', 1, '2014-08-12 07:40:36', 1, '2014-08-08 11:26:37'),
(202, NULL, 'Add Class', ' ', '', 'Agregar clase', 'Ajouter une classe', ' ', 1, '2014-08-12 07:40:36', 1, '2014-08-08 11:26:37'),
(203, NULL, 'Add Class Assignment', '  ', '', 'Aadir Asignacin de Clase', 'Ajouter une classe Affectation', ' Class ', 1, '2014-08-12 07:40:36', 1, '2014-08-08 11:26:37'),
(204, NULL, 'Add Lesson', ' ', '', 'Aadir Leccin', 'Ajouter leon', ' ', 1, '2014-08-12 07:40:36', 1, '2014-08-08 11:26:37'),
(205, NULL, 'Add National Assignment', '  ', '', 'Aadir Nacional de Asignacin', 'Ajouter Affectation nationale', '  ', 1, '2014-08-12 07:40:36', 1, '2014-08-08 11:26:37'),
(206, NULL, 'Add Timetable', '  ', '', 'Aadir Horarios', 'Ajouter horaire', ' ', 1, '2014-08-12 07:40:36', 1, '2014-08-08 11:26:37'),
(207, NULL, 'All Subjects', '  ', '', 'Todos los temas', 'tous les sujets', ' ', 1, '2014-08-12 07:40:36', 1, '2014-08-08 11:26:37'),
(208, NULL, 'All Teachers', ' ', '', 'Todos los maestros', 'tous les enseignants', ' ', 1, '2014-08-12 07:40:36', 1, '2014-08-08 11:26:37'),
(209, NULL, 'Class Assignments', ' ', '', 'Asignacin de Clases', 'Missions de classe', ' ', 1, '2014-08-12 07:40:36', 1, '2014-08-08 11:26:37'),
(210, NULL, 'Attendance Types', ' ', '', 'Tipos de asistencia', 'Types de prsence', ' ', 1, '2014-08-12 07:40:36', 1, '2014-08-08 11:26:37'),
(211, NULL, 'Class', '', '', 'clase', 'classe', '', 1, '2014-08-12 07:40:36', 1, '2014-08-08 11:26:37'),
(212, NULL, 'Class Daily Attendance', '  ', '', 'Clase de Asistencia Diaria', 'Classe prsences quotidiennes', '  ', 1, '2014-08-12 07:40:36', 1, '2014-08-08 11:26:37'),
(213, NULL, 'Edit Lesson', ' ', '', 'Editar Leccin', 'Modifier la leon', ' ', 1, '2014-08-12 07:40:36', 1, '2014-08-08 11:26:37'),
(214, NULL, 'Edit Timetable', '  ', '', 'Editar Horario', 'Modifier l''horaire', ' ', 1, '2014-08-12 07:40:36', 1, '2014-08-08 11:26:37'),
(215, NULL, 'Education Grade', ' ', '', 'Educacin grado', 'e anne', ' ', 1, '2014-08-12 07:40:36', 1, '2014-08-08 11:26:37'),
(216, NULL, 'Education Grades', ' ', '', 'grados de Educacin', 'Les qualits de l''ducation', ' ', 1, '2014-08-12 07:40:36', 1, '2014-08-08 11:26:37'),
(217, NULL, 'Education Grade Code', '  ', '', 'Cdigo de Educacin de Grado', 'Education code grade', '  ', 1, '2014-08-12 07:40:36', 1, '2014-08-08 11:26:37'),
(218, NULL, 'Education Grades - Subjects', '  - ', ' - ', 'Grados Educacin - Temas', 'ducation grades - Sujets', '  - ', 1, '2014-08-12 07:40:36', 1, '2014-08-08 11:26:37'),
(219, NULL, 'Education Grade Subject', '  ', '', 'Educacin Grado Asunto', 'ducation anne Objet', '  ', 1, '2014-08-12 07:40:36', 1, '2014-08-08 11:26:37'),
(220, NULL, 'Education Grade Subjects', '  ', '', 'Temas Educacin Grado', 'Education catgorie Sujets', '  ', 1, '2014-08-12 07:40:36', 1, '2014-08-08 11:26:37'),
(221, NULL, 'Education Subject', ' ', '', 'Educacin Tema', 'Education Sujet', ' ', 1, '2014-08-12 07:40:36', 1, '2014-08-08 11:26:37'),
(222, NULL, 'Education Subjects', ' ', '', 'Temas Educacin', 'Education Sujets', ' ', 1, '2014-08-12 07:40:36', 1, '2014-08-08 11:26:37'),
(223, NULL, 'Education Subject Code', '  ', '', 'Educacin Asignatura Cdigo', 'Education Sujet code', '  ', 1, '2014-08-12 07:40:36', 1, '2014-08-08 11:26:37'),
(224, NULL, 'Employment Types', ' ', '', 'Tipos de Empleo', 'Types d''emploi', ' ', 1, '2014-08-12 07:40:36', 1, '2014-08-08 11:26:37'),
(225, NULL, 'Grade(s)', ' ()', '', 'Grado (s)', 'Grade(s)', ' ()', 1, '2014-08-12 07:40:36', 1, '2014-08-08 11:26:37'),
(226, NULL, 'Lesson', '', '', 'leccin', 'leon', '', 1, '2014-08-12 07:40:36', 1, '2014-08-08 11:26:37'),
(227, NULL, 'Lessons', '', '', 'Lecciones', 'leons', '', 1, '2014-08-12 07:40:36', 1, '2014-08-08 11:26:37'),
(228, NULL, 'Lesson Date', ' ', '', 'Leccin Fecha', 'leon date', ' ', 1, '2014-08-12 07:40:36', 1, '2014-08-08 11:26:37'),
(229, NULL, 'Lesson From', ' ', '', 'Leccin De', 'leon De', ' ', 1, '2014-08-12 07:40:36', 1, '2014-08-08 11:26:37'),
(230, NULL, 'Lesson Status', ' ', '', 'Estado Leccin', 'leon Etat', ' ', 1, '2014-08-12 07:40:36', 1, '2014-08-08 11:26:37'),
(231, NULL, 'Lesson Time', ' ', '', 'Tiempo Leccin', 'leon Temps', ' ', 1, '2014-08-12 07:40:36', 1, '2014-08-08 11:26:37'),
(232, NULL, 'Lesson To', ' ', '', 'Leccin Para', 'leon Pour', ' ', 1, '2014-08-12 07:40:36', 1, '2014-08-08 11:26:37'),
(233, NULL, 'List of Classes', ' ', '', 'Lista de clases', 'Liste des classes', ' ', 1, '2014-08-12 07:40:36', 1, '2014-08-08 11:26:37'),
(234, NULL, 'Programme - Grades', ' - ', ' - ', 'Programa - Grados', 'Programme - Grades', ' - ', 1, '2014-08-12 07:40:36', 1, '2014-08-08 11:26:37'),
(235, NULL, 'Room', '', '', 'habitacin', 'chambre', '', 1, '2014-08-12 07:40:36', 1, '2014-08-08 11:26:37'),
(236, NULL, 'School Year', ' ', '', 'ao escolar', 'Anne scolaire', ' ', 1, '2014-08-12 07:40:36', 1, '2014-08-08 11:26:37'),
(237, NULL, 'Please select a valid subject', '   ', '', 'Por favor, seleccione un tema vlido', 'S''il vous plat slectionner un sujet valide', ',   ', 1, '2014-08-12 07:40:36', 1, '2014-08-08 11:26:37'),
(238, NULL, 'Select multiple grades by holding "Shift" key.', '       ""', 'Shift', 'Seleccione varios grados manteniendo tecla "Shift"', 'Slectionner plusieurs notes en tenant la touche "Shift"', '  ,   "Shift"', 1, '2014-08-12 07:40:36', 1, '2014-08-08 11:26:37'),
(239, NULL, 'List of students contact information', '   ', '', 'Lista de los estudiantes informacin de contacto', 'Liste des tudiants des informations de contact', '   ', 1, '2014-08-12 07:40:36', 1, '2014-08-08 11:26:37'),
(240, NULL, 'List of teachers contact information', '   ', '', 'Lista de profesores informacin de contacto', 'Liste des enseignants coordonnes', '   ', 1, '2014-08-12 07:40:36', 1, '2014-08-08 11:26:37'),
(241, NULL, 'Total Seats', ' ', '', 'total de Asientos', 'Nombre de siges', ' ', 1, '2014-08-12 07:40:36', 1, '2014-08-08 11:26:37'),
(242, NULL, 'Weighting', '', '', 'Ponderacin', 'pondration', '', 1, '2014-08-12 07:40:36', 1, '2014-08-08 11:26:37'),
(243, NULL, 'Administration', '', '', 'administracin', 'administration', '', 1, '2014-08-12 07:40:36', 1, '2014-08-08 11:26:37'),
(244, NULL, 'Add User', ' ', '', 'Aadir usuario', 'Ajouter un utilisateur', ' ', 1, '2014-08-12 07:40:36', 1, '2014-08-08 11:26:37'),
(245, NULL, 'Assessment', '', '', 'valoracin', 'valuation', '', 1, '2014-08-12 07:40:36', 1, '2014-08-08 11:26:37'),
(246, NULL, 'Assessment Items', ' ', '', 'Ejercicios de evaluacin', 'valuation Articles', ' ', 1, '2014-08-12 07:40:36', 1, '2014-08-08 11:26:37'),
(247, NULL, 'Education Programme', ' ', '', 'Programa de Educacin', 'Programme de l''ducation', ' ', 1, '2014-08-12 07:40:36', 1, '2014-08-08 11:26:37'),
(248, NULL, 'Education Programmes', ' ', '', 'Programas de Educacin', 'Programmes d''ducation', ' ', 1, '2014-08-12 07:40:36', 1, '2014-08-08 11:26:37'),
(249, NULL, 'Education Structure', ' ', '', 'Estructura de la Educacin', 'ducation Structure', ' ', 1, '2014-08-12 07:40:36', 1, '2014-08-08 11:26:37'),
(250, NULL, 'Field Options', ' ', '', 'Opciones de campo', 'Options terrain', ' ', 1, '2014-08-12 07:40:36', 1, '2014-08-08 11:26:37'),
(251, NULL, 'List of Users', ' ', '', 'Lista de Usuarios', 'Liste des utilisateurs', ' ', 1, '2014-08-12 07:40:36', 1, '2014-08-08 11:26:37'),
(252, NULL, 'National Assessment', ' ', '', 'Evaluacin Nacional', 'valuation nationale', ' ', 1, '2014-08-12 07:40:36', 1, '2014-08-08 11:26:37'),
(253, NULL, 'National Assessments', ' ', '', 'evaluaciones Nacionales', 'valuations nationales', ' ', 1, '2014-08-12 07:40:36', 1, '2014-08-08 11:26:37'),
(254, NULL, 'Result Types', ' ', '', 'Tipos de resultado', 'Types de rsultats', ' ', 1, '2014-08-12 07:40:36', 1, '2014-08-08 11:26:37'),
(255, NULL, 'System Configuration', ' ', '', 'Configuracin del sistema', 'Configuration du systme', ' ', 1, '2014-08-12 07:40:36', 1, '2014-08-08 11:26:37'),
(256, NULL, 'User Management', ' ', '', 'Gestin de usuarios', 'Gestion des utilisateurs', ' ', 1, '2014-08-12 07:40:36', 1, '2014-08-08 11:26:37'),
(257, NULL, 'No Data', '  ', '', 'No Data', 'aucune donne', ' ', 1, '2014-08-12 07:40:36', 1, '2014-08-08 11:26:37'),
(258, NULL, 'An unexpected error has been encountered. Please contact the administrator for assistance.', '    .      .', '', 'Se ha encontrado un error inesperado. Por favor, pngase en contacto con el administrador para obtener ayuda.', 'Une erreur inattendue s''est produite. S''il vous plat contactez l''administrateur de l''aide.', '   . ,     .', 1, '2014-08-12 07:40:36', 1, '2014-08-08 11:26:37'),
(259, NULL, 'Record has been added successfully.', '   ', '', 'El registro ha sido agregado con xito', 'Enregistrement a t ajout avec succs', '   ', 1, '2014-08-12 07:40:36', 1, '2014-08-08 11:26:37'),
(260, NULL, 'Record is not added due to errors encountered.', '      ', '', 'El registro no se aade debido a errores encontrados', 'L''enregistrement n''est pas ajout en raison d''erreurs rencontres', '   - , ', 1, '2014-08-12 07:40:36', 1, '2014-08-08 11:26:37'),
(261, NULL, 'Please add new record into it.', '      ', '', 'Por favor, aada nuevo rcord en l', 'S''il vous plat ajoutez nouveau record en elle', ',     ', 1, '2014-08-12 07:40:36', 1, '2014-08-08 11:26:37'),
(262, NULL, 'Record has been updated successfully.', '   ', '', 'El registro ha sido actualizado correctamente', 'Enregistrement a t mis  jour', '  ', 1, '2014-08-12 07:40:36', 1, '2014-08-08 11:26:37'),
(263, NULL, 'Record is not updated due to errors encountered.', '      ', '', 'Registro no se actualiza debido a errores encontrados', 'L''enregistrement n''est pas mis  jour en raison d''erreurs rencontres', '   - , ', 1, '2014-08-12 07:40:36', 1, '2014-08-08 11:26:37'),
(264, NULL, 'The record does not exist.', '  ', '', 'No existe el registro', 'Le dossier n''existe pas', '  ', 1, '2014-08-12 07:40:36', 1, '2014-08-08 11:26:37'),
(265, NULL, 'There are no records.', '  ', '', 'No hay registros', 'Il n''y a pas de dossiers', '  ', 1, '2014-08-12 07:40:36', 1, '2014-08-08 11:26:37');
INSERT INTO `translations` (`id`, `code`, `eng`, `ara`, `chi`, `spa`, `fre`, `rus`, `modified_user_id`, `modified`, `created_user_id`, `created`) VALUES
(266, NULL, 'Record has been deleted successfully.', '   ', '', 'El registro ha sido borrado con xito', 'Enregistrement a t supprim', '  ', 1, '2014-08-12 07:40:36', 1, '2014-08-08 11:26:37'),
(267, NULL, 'Record is not deleted due to errors encountered.', '      ', '', 'El registro no se elimina debido a errores encontrados', 'L''enregistrement n''est pas supprim en raison d''erreurs rencontres', '   - , ', 1, '2014-08-12 07:40:36', 1, '2014-08-08 11:26:37'),
(268, NULL, 'Your search returns no result.', '   ', '', 'Su bsqueda no devuelve ningn resultado', 'Votre recherche ne retourne aucun rsultat', '     ', 1, '2014-08-12 07:40:36', 1, '2014-08-08 11:26:37'),
(269, NULL, 'Your session has timed out. Please login again.', '      .     .', '', 'Su sesin ha caducado. Por favor, acceda de nuevo.', 'Votre session a expir. S''il vous plat vous connecter  nouveau.', '  . ,  .', 1, '2014-08-12 07:40:36', 1, '2014-08-08 11:26:37'),
(270, NULL, 'You have entered an invalid username or password.', '        ', '', 'Ha introducido un nombre de usuario o contrasea no vlidos', 'Vous avez entr un nom d''utilisateur ou mot de passe incorrect', '     ', 1, '2014-08-12 07:40:36', 1, '2014-08-08 11:26:37'),
(271, NULL, 'You are not an authorized user.', '   ', '', 'Usted no es un usuario autorizado', 'Vous n''tes pas un utilisateur autoris', '   ', 1, '2014-08-12 07:40:36', 1, '2014-08-08 11:26:37'),
(272, NULL, 'No result returned from the search.', '    ', '', 'Ningn resultado devuelto por la bsqueda', 'Aucun rsultat retourn par la recherche', '    ', 1, '2014-08-12 07:40:36', 1, '2014-08-08 11:26:37'),
(273, NULL, 'The file has been uploaded.', '  ', '', 'El archivo ha sido cargado', 'Le fichier a t tlcharg', '  ', 1, '2014-08-12 07:40:36', 1, '2014-08-08 11:26:37'),
(274, NULL, 'The files have been uploaded.', '  ', '', 'Los archivos se hayan cargado', 'Les fichiers ont t tlchargs', '  ', 1, '2014-08-12 07:40:36', 1, '2014-08-08 11:26:37'),
(275, NULL, 'Please ensure that the file is smaller than the file size limit.', '           ', '', 'Por favor, asegrese de que el archivo es menor que el lmite de tamao de archivo', 'S''il vous plat assurez-vous que le fichier est plus petit que la limite de taille de fichier', ', ,   ,     ', 1, '2014-08-12 07:40:36', 1, '2014-08-08 11:26:37'),
(276, NULL, 'No file was uploaded.', '   ', '', 'Ningn archivo fue subido', 'Pas de fichier a t tlcharg', '   ', 1, '2014-08-12 07:40:36', 1, '2014-08-08 11:26:37'),
(277, NULL, 'Invalid file format.', '   ', '', 'Formato de archivo no vlido', 'Format de fichier incorrect', '  ', 1, '2014-08-12 07:40:36', 1, '2014-08-08 11:26:37'),
(278, NULL, 'File is not uploaded due to errors encountered.', '      ', '', 'El archivo no se carga debido a errores encontrados', 'Le fichier n''est pas tlcharg en raison d''erreurs rencontres', '   - , ', 1, '2014-08-12 07:40:36', 1, '2014-08-08 11:26:37'),
(279, NULL, 'Please enter a valid name', '   ', '', 'Por favor ingrese un nombre vlido', 'S''il vous plat entrer un nom valide', ',   ', 1, '2014-08-12 07:40:36', 1, '2014-08-08 11:26:37'),
(280, NULL, 'Please select a year', '  ', '', 'Por favor, seleccione un ao', 'S''il vous plat slectionner un an', ',  ', 1, '2014-08-12 07:40:36', 1, '2014-08-08 11:26:37'),
(281, NULL, 'Please select a grade', '  ', '', 'Por favor seleccione una calificacin', 'S''il vous plat slectionner un grade', ',  ', 1, '2014-08-12 07:40:36', 1, '2014-08-08 11:26:37'),
(282, NULL, 'Please enter a valid option', '   ', '', 'Por favor introduzca una opcin vlida', 'Veuillez entrer une option valable', ',   ', 1, '2014-08-12 07:40:36', 1, '2014-08-08 11:26:37'),
(283, NULL, 'Please enter a valid minimum value', '     ', '', 'Por favor, introduzca un valor mnimo vlido', 'S''il vous plat entrer une valeur minimale valide', ',    ', 1, '2014-08-12 07:40:36', 1, '2014-08-08 11:26:37'),
(284, NULL, 'Please enter a valid maximum value', '    ', '', 'Por favor, introduzca un valor mximo vlido', 'S''il vous plat entrer une valeur maximale valide', ',    ', 1, '2014-08-12 07:40:36', 1, '2014-08-08 11:26:37'),
(285, NULL, 'Please select a valid subject name', '    ', '', 'Por favor seleccione un nombre de sujeto vlido', 'S''il vous plat slectionner un nom d''objet valide', ',    ', 1, '2014-08-12 07:40:36', 1, '2014-08-08 11:26:37'),
(286, NULL, 'Please select a valid class name', '    ', '', 'Por favor seleccione un nombre de clase vlido', 'S''il vous plat slectionner un nom de classe valide', ',    ', 1, '2014-08-12 07:40:36', 1, '2014-08-08 11:26:37'),
(287, NULL, 'Please enter a valid class name', '    ', '', 'Por favor, introduzca un nombre de clase vlido', 'S''il vous plat entrer un nom de classe valide', ',    ', 1, '2014-08-12 07:40:36', 1, '2014-08-08 11:26:37'),
(288, NULL, 'Please select a valid grade', '   ', '', 'Por favor seleccione una calificacin vlida', 'S''il vous plat slectionner une catgorie valide', ',   ', 1, '2014-08-12 07:40:36', 1, '2014-08-08 11:26:37'),
(289, NULL, 'Start Time cannot be later than End Time', '           ', '', 'Hora de inicio no puede ser posterior a Tiempo de trmino', 'Heure de dpart ne peut pas tre postrieure  l''heure de fin', '     ,  End Time', 1, '2014-08-12 07:40:36', 1, '2014-08-08 11:26:37'),
(290, NULL, 'Please select a valid location', '   ', '', 'Por favor, seleccione una ubicacin vlida', 'S''il vous plat slectionnez un emplacement valide', ',   ', 1, '2014-08-12 07:40:36', 1, '2014-08-08 11:26:37'),
(291, NULL, 'Please select a valid teacher', '   ', '', 'Por favor seleccione un profesor vlido', 'S''il vous plat slectionner un enseignant valide', ',   ', 1, '2014-08-12 07:40:36', 1, '2014-08-08 11:26:37'),
(292, NULL, 'Please select a valid status', '   ', '', 'Por favor seleccione un estado vlido', 'S''il vous plat slectionner un tat valide', ',   ', 1, '2014-08-12 07:40:36', 1, '2014-08-08 11:26:37'),
(293, NULL, 'Please enter a valid Contact No', '    ', '', 'Por favor, introduzca un nmero de contacto vlida', 'S''il vous plat entrer un numro valide de contact', ',    ', 1, '2014-08-12 07:40:36', 1, '2014-08-08 11:26:37'),
(294, NULL, 'Please enter a valid code', '   ', '', 'Por favor, introduzca un cdigo vlido', 'S''il vous plat entrer un code valide', ',   ', 1, '2014-08-12 07:40:36', 1, '2014-08-08 11:26:37'),
(295, NULL, 'Please select a programme', '  ', '', 'Por favor, seleccione un programa', 'S''il vous plat slectionner un programme', ',  ', 1, '2014-08-12 07:40:36', 1, '2014-08-08 11:26:37'),
(296, NULL, 'Please enter a valid duration', '   ', '', 'Por favor escriba una duracin vlida', 'S''il vous plat entrer une dure de validit', ',   ', 1, '2014-08-12 07:40:36', 1, '2014-08-08 11:26:37'),
(297, NULL, 'Please enter a valid email', '    ', '', 'Por favor, introduzca un email vlido', 'S''il vous plat entrer une adresse email valide', ',     ', 1, '2014-08-12 07:40:36', 1, '2014-08-08 11:26:37'),
(298, NULL, 'Please enter a valid start date', '    ', '', 'Por favor, introduzca una fecha de inicio vlida', 'S''il vous plat entrer une date de dbut de validit', ',    ', 1, '2014-08-12 07:40:36', 1, '2014-08-08 11:26:37'),
(299, NULL, 'Please enter a valid start time', '    ', '', 'Por favor, introduzca una hora de inicio vlida', 'S''il vous plat entrer une heure de dbut valide', ',    ', 1, '2014-08-12 07:40:36', 1, '2014-08-08 11:26:37'),
(300, NULL, 'Please enter a valid end date', '    ', '', 'Por favor, introduzca una fecha de finalizacin vlida', 'S''il vous plat entrer une date de fin de validit', ',    ', 1, '2014-08-12 07:40:36', 1, '2014-08-08 11:26:37'),
(301, NULL, 'Please enter a valid end time', '    ', '', 'Por favor, introduzca una hora de finalizacin vlida', 'S''il vous plat entrer un temps de fin de validit', ',    ', 1, '2014-08-12 07:40:36', 1, '2014-08-08 11:26:37'),
(302, NULL, 'The end date/time cannot be earlier than the start date', ' /          ', '/', 'La fecha / hora de finalizacin no puede ser anterior a la fecha de inicio', 'La date / heure de fin ne peut pas tre antrieure  la date de dbut', ' /         ', 1, '2014-08-12 07:40:36', 1, '2014-08-08 11:26:37'),
(303, NULL, 'Please enter a valid address', '   ', '', 'Por favor, introduce una direccin vlida', 'S''il vous plat entrer une adresse valide', ',   ', 1, '2014-08-12 07:40:36', 1, '2014-08-08 11:26:37'),
(304, NULL, 'Please enter a valid date opened', '    ', '', 'Por favor, introduzca una fecha vlida abierto', 'S''il vous plat entrer une date valide ouvert', ',    ', 1, '2014-08-12 07:40:36', 1, '2014-08-08 11:26:37'),
(305, NULL, 'Please enter a valid postal code', '    ', '', 'Introduce un cdigo postal vlido', 'S''il vous plat entrer un code postal valide', ',    ', 1, '2014-08-12 07:40:36', 1, '2014-08-08 11:26:37'),
(306, NULL, 'Date closed must be greater than date opened', '        ', '', 'Fecha de cierre debe ser mayor que la fecha se abri', 'Date de fermeture doit tre suprieure  la date ouvert', '      ', 1, '2014-08-12 07:40:36', 1, '2014-08-08 11:26:37'),
(307, NULL, 'Please enter a valid year', '   ', '', 'Por favor, ingrese un ao vlido', 'S''il vous plat entrer une anne valide', ',   ', 1, '2014-08-12 07:40:36', 1, '2014-08-08 11:26:37'),
(308, NULL, 'End date must be greater than start date', '        ', '', 'Fecha de finalizacin debe ser mayor que la fecha de inicio', 'Date de fin doit tre suprieure  la date de dbut', '      ', 1, '2014-08-12 07:40:36', 1, '2014-08-08 11:26:37'),
(309, NULL, 'Please enter a valid school day', '    ', '', 'Por favor ingrese el da escolar vlida', 'S''il vous plat entrer un jour d''cole valide', ',    ', 1, '2014-08-12 07:40:36', 1, '2014-08-08 11:26:37'),
(310, NULL, 'Please select a valid school year', '     ', '', 'Por favor, seleccione un ao escolar vlida', 'S''il vous plat slectionner une anne scolaire valide', ',    ', 1, '2014-08-12 07:40:36', 1, '2014-08-08 11:26:37'),
(311, NULL, 'Please enter a numeric value for total seats', '     ', '', 'Por favor, introduzca un valor numrico para el total de escaos', 'S''il vous plat entrer une valeur numrique pour nombre total de siges', ',       ', 1, '2014-08-12 07:40:36', 1, '2014-08-08 11:26:37'),
(312, NULL, 'Please enter a numeric value for available seats', '     ', '', 'Por favor, introduzca un valor numrico para asientos disponibles', 'S''il vous plat entrer une valeur numrique pour places libres', ',      ', 1, '2014-08-12 07:40:36', 1, '2014-08-08 11:26:37'),
(313, NULL, 'Please enter your username', '   ', '', 'Por favor, ingrese su nombre de usuario', 'S''il vous plat, entrez votre nom d''utilisateur', ',    ', 1, '2014-08-12 07:40:36', 1, '2014-08-08 11:26:37'),
(314, NULL, 'This username is already in use', '     ', '', 'Este nombre de usuario ya est en uso', 'Ce nom d''utilisateur est dj utilis', '    ', 1, '2014-08-12 07:40:36', 1, '2014-08-08 11:26:37'),
(315, NULL, 'Please enter your current password', '    ', '', 'Introduzca su contrasea actual', 'S''il vous plat, entrez votre mot de passe actuel', ',    ', 1, '2014-08-12 07:40:36', 1, '2014-08-08 11:26:37'),
(316, NULL, 'Your current password is incorrect', '    ', '', 'Su contrasea actual es incorrecta', 'Votre mot de passe est incorrect', '   ', 1, '2014-08-12 07:40:36', 1, '2014-08-08 11:26:37'),
(317, NULL, 'Password must be at least 6 characters', '        6 ', '6', 'La contrasea debe tener como mnimo 6 caracteres', 'Mot de passe doit tre d''au moins 6 caractres', '     6 ', 1, '2014-08-12 07:40:36', 1, '2014-08-08 11:26:37'),
(318, NULL, 'Please enter your new password', '    ', '', 'Introduzca su nueva contrasea', 'S''il vous plat, entrez votre nouveau mot de passe', ',    ', 1, '2014-08-12 07:40:36', 1, '2014-08-08 11:26:37'),
(319, NULL, 'Please confirm your new password', '     ', '', 'Por favor confirme su nueva contrasea', 'S''il vous plat confirmer votre nouveau mot de passe', ',    ', 1, '2014-08-12 07:40:36', 1, '2014-08-08 11:26:37'),
(320, NULL, 'Both passwords do not match', '    ', '', 'Ambas contraseas no coinciden', 'Les deux mots de passe ne correspondent pas', '   ', 1, '2014-08-12 07:40:36', 1, '2014-08-08 11:26:37'),
(321, NULL, 'Please enter a valid first name', '    ', '', 'Por favor ingrese un nombre vlido', 'S''il vous plat entrer un prnom valide', ',   ', 1, '2014-08-12 07:40:36', 1, '2014-08-08 11:26:37'),
(322, NULL, 'Please enter a valid last name', '    ', '', 'Por favor, introduzca un apellido vlido', 'S''il vous plat entrer un nom valide', ',   ', 1, '2014-08-12 07:40:36', 1, '2014-08-08 11:26:37'),
(323, NULL, 'Please enter a valid staff no', '    ', '', 'Por favor, introduzca un nmero de personal vlida', 'S''il vous plat entrer un certain nombre de personnel valide', ',    ', 1, '2014-08-12 07:40:36', 1, '2014-08-08 11:26:37'),
(324, NULL, 'Please enter a start date', '   ', '', 'Por favor, introduzca una fecha de inicio', 'S''il vous plat entrer une date de dbut', ',   ', 1, '2014-08-12 07:40:36', 1, '2014-08-08 11:26:37'),
(325, NULL, 'Please choose a category', '  ', '', 'Elija una categora', 'S''il vous plat choisir une catgorie', ',  ', 1, '2014-08-12 07:40:36', 1, '2014-08-08 11:26:37'),
(326, NULL, 'Please choose a status', '  ', '', 'Por favor, elija un estado', 'S''il vous plat choisir un statut', ',  ', 1, '2014-08-12 07:40:36', 1, '2014-08-08 11:26:37'),
(328, NULL, 'Please enter a valid short form', '    ', '', 'Por favor, introduzca un breve formulario vlido', 'S''il vous plat entrer un court formulaire valide', ',    ', 1, '2014-08-12 07:40:36', 1, '2014-08-08 11:26:37'),
(329, NULL, 'Please enter a valid title', '   ', '', 'Por favor, introduzca un ttulo vlido', 'S''il vous plat entrez un titre valide', ',   ', 1, '2014-08-12 07:40:36', 1, '2014-08-08 11:26:37'),
(330, NULL, 'Please enter a valid date', '   ', '', 'Por favor, introduzca una fecha vlida', 'S''il vous plat entrer une date valide', ',   ', 1, '2014-08-12 07:40:36', 1, '2014-08-08 11:26:37'),
(331, NULL, 'Please enter a valid description', '   ', '', 'Por favor, introduzca una descripcin vlida', 'S''il vous plat entrer une description valide', ',   ', 1, '2014-08-12 07:40:36', 1, '2014-08-08 11:26:37'),
(332, NULL, 'Please enter a valid action', '   ', '', 'Por favor ingrese una accin vlida', 'S''il vous plat entrer une action valide', ',   ', 1, '2014-08-12 07:40:36', 1, '2014-08-08 11:26:37'),
(333, NULL, 'Please enter an employment date', '   ', '', 'Por favor, introduzca una fecha de empleo', 'S''il vous plat entrer une date d''emploi', ',   ', 1, '2014-08-12 07:40:36', 1, '2014-08-08 11:26:37'),
(334, NULL, 'Please enter a valid timetable name', '     ', '', 'Por favor, introduzca un nombre de calendario vlido', 'S''il vous plat entrer un nom de calendrier valide', ',    ', 1, '2014-08-12 07:40:36', 1, '2014-08-08 11:26:37'),
(335, NULL, 'Start date cannot be later than end date', '           ', '', 'La fecha de inicio no puede ser posterior a la fecha de finalizacin', 'Date de dbut ne peut pas tre postrieure  la date de fin', '       ', 1, '2014-08-12 07:40:36', 1, '2014-08-08 11:26:37'),
(336, NULL, 'Modified', '', '', 'Modificado', 'modifi', '', 1, '2014-08-12 07:40:36', 1, '2014-08-08 11:26:37'),
(337, NULL, 'Created', '', '', 'creado', 'tabli', '', 1, '2014-08-12 07:40:36', 1, '2014-08-08 11:26:37'),
(338, NULL, 'Staff Status Id', '  ', '', 'Identificacin Personal Estado', 'Statut personnel Identifiant', '  ', 1, '2014-08-12 07:40:36', 1, '2014-08-08 11:26:37'),
(339, NULL, 'Staff Category Id', '   ', '', 'Personal de Identificacin Categora', 'Personnel de catgorie Identifiant', '  ', 1, '2014-08-12 07:40:36', 1, '2014-08-08 11:26:37'),
(340, NULL, 'Student Status Id', '  ', '', 'Identificacin del Estatuto Estudiantil', 'Statut d''tudiant Identifiant', '  ', 1, '2014-08-12 07:40:36', 1, '2014-08-08 11:26:37'),
(341, NULL, 'Default Value', ' ', '', 'valor por defecto', 'valeur par dfaut', '  ', 1, '2014-08-12 07:40:36', 1, '2014-08-08 11:26:37'),
(342, NULL, 'Label', '', '', 'etiqueta', 'tiquette', '', 1, '2014-08-12 07:40:36', 1, '2014-08-08 11:26:37'),
(343, NULL, 'Desc', '', '', 'descripcin', 'description', '', 1, '2014-08-12 07:40:36', 1, '2014-08-08 11:26:37'),
(344, NULL, 'Language', '', '', 'idioma', 'langue', '', 1, '2014-08-12 07:40:36', 1, '2014-08-08 11:26:37'),
(345, NULL, 'Name Display Format', '  ', '', 'Nombre Formato de pantalla', 'Nom Format d''affichage', '  ', 1, '2014-08-12 07:40:36', 1, '2014-08-08 11:26:37'),
(346, 'vi', 'Vietnamese', NULL, NULL, NULL, NULL, NULL, NULL, NULL, 1, '2014-10-27 11:30:26'),
(347, 'vn', 'Vietnamese', 'Vietnamese', 'Vietnamese', 'Vietnamese', 'Vietnamese', 'Vietnamese', NULL, NULL, 1, '2014-10-27 11:32:41');
